district,avg_cis,cis_volatility,anomaly_count,total_enrollments,months_active,data_quality_score,quality_tier
24 Paraganas North,0.9995,0.0007071067811865089,0,6147.0,2,99.9587867965644,Excellent
24 Paraganas South,0.998,,0,490.0,1,99.92000000000002,Excellent
?,0.0,,0,0.0,1,60.0,Fair
Adilabad,0.17733333333333334,0.23219819120742521,0,4406.0,18,60.127387597110584,Fair
Agar Malwa,0.371,0.4420803094461458,0,2537.0,9,61.57759071661562,Fair
Agra,0.6626666666666667,0.2681049234907856,5,29910.0,9,61.79685229527644,Fair
Ahilyanagar,0.061,,0,13.0,1,62.44,Fair
Ahmadabad,0.5571111111111111,0.43177698075639825,0,6667.0,9,69.3311350217525,Fair
Ahmadnagar,0.38033333333333336,0.38422617037364853,5,11836.0,9,47.01988155545721,Poor
Ahmed Nagar,0.32766666666666666,0.38955615769744933,0,340.0,9,61.41998193574318,Fair
Ahmedabad,0.3135555555555556,0.2498314987702267,8,19130.0,9,38.380610592448754,Poor
Ahmednagar,0.997,,0,368.0,1,99.88000000000001,Excellent
Aizawl,0.23333333333333334,0.29502245677236166,0,1059.0,9,60.48265963016248,Fair
Ajmer,0.4096666666666666,0.32052612998006885,1,12135.0,9,63.437549433931274,Fair
Akhera,0.0,,0,0.0,1,60.0,Fair
Akola,0.39555555555555555,0.3950525633099699,0,4708.0,9,63.97064532292311,Fair
Alappuzha,0.2571111111111111,0.30827400330081534,0,3559.0,9,61.036224345419974,Fair
Aligarh,0.6358888888888888,0.27625189793214294,2,26192.0,9,70.48133195092461,Good
Alipurduar,0.6403333333333333,0.36925499319575894,0,3673.0,9,74.53568353746056,Good
Alirajpur,0.7688888888888888,0.32220895566559155,0,7010.0,9,81.08928688558781,Good
Allahabad,0.21133333333333335,0.2570218862276129,3,13249.0,9,50.74267674650494,Fair
Alluri Sitharama Raju,0.24077777777777776,0.29090925465588824,0,1255.0,9,60.90383347143447,Fair
Almora,0.2064,0.27802246112299794,0,1367.0,10,59.91532616631006,Fair
Alwar,0.6305555555555555,0.2796520655703758,2,23383.0,9,70.16599358844428,Good
Ambala,0.31177777777777776,0.31534020429441667,0,3218.0,9,63.01090498227862,Fair
Ambedkar Nagar,0.3552222222222222,0.36978161723434066,0,8002.0,9,63.115440371858675,Fair
Amethi,0.24633333333333335,0.2960350486006682,0,7197.0,9,60.97228187531329,Fair
Amravati,0.3886666666666667,0.3008583553767454,3,6915.0,9,56.520916005364306,Fair
Amreli,0.522,0.4147511301973751,0,4293.0,9,68.43746609407874,Fair
Amritsar,0.5337777777777778,0.32815879455599606,0,9655.0,9,71.50634727443123,Good
Amroha,0.4896666666666667,0.40490770553300165,0,8142.0,9,67.43943550067661,Fair
Anakapalli,0.14255555555555555,0.1827977783721065,0,543.0,9,60.21828887105902,Fair
Anand,0.7336666666666667,0.32811507127835504,0,6980.0,9,79.50321452831601,Good
Anantapur,0.16977777777777778,0.23111835592277055,0,4415.0,9,59.857560433428006,Fair
Ananthapur,0.12544444444444444,0.19675118240503098,0,1994.0,9,59.11524230562685,Fair
Ananthapuramu,0.18000000000000002,0.23662470285242834,0,3187.0,9,60.10125891442715,Fair
Anantnag,0.28107692307692306,0.32534301425276824,0,3354.0,13,61.48278649549388,Fair
Andamans,0.38922222222222225,0.46219930164859013,0,75.0,9,61.702909839431186,Fair
Angul,0.15225,0.2449621739507279,0,3010.0,16,58.74113478147815,Fair
Anjaw,0.08955555555555555,0.12540146640999766,0,37.0,9,59.82017822992229,Fair
Annamayya,0.14666666666666664,0.18660117898877274,0,1021.0,9,60.26863129700348,Fair
Anugal,0.29175,0.34371342229634655,0,3.0,4,61.3585973311096,Fair
Anugul,0.35845454545454547,0.34865520248011533,0,207.0,22,63.87852574377836,Fair
Anuppur,0.3042222222222222,0.36308772279498025,0,3226.0,9,61.276257205039485,Fair
Araria,0.5232222222222221,0.4193211113746176,3,15579.0,9,58.34925554765036,Fair
Ariyalur,0.1667777777777778,0.2088167724212891,0,2412.0,9,60.40660793847243,Fair
Arvalli,0.4811111111111111,0.40113945344619384,0,2391.0,9,67.21026084105863,Fair
Arwal,0.5094444444444445,0.4131283429852977,0,3866.0,9,67.98392748821884,Fair
Ashok Nagar,0.35533333333333333,0.3207272984951546,0,5178.0,9,64.59151437847869,Fair
Ashoknagar,0.9995,0.0007071067811865089,0,3011.0,2,99.9587867965644,Excellent
Auraiya,0.1888,0.24594660667171916,0,3733.0,10,60.17360179984843,Fair
Aurangabad,0.3838333333333333,0.3525837822836038,3,27563.0,18,59.775819864825216,Fair
Aurangabad(BH),0.448,0.3069733973273037,0,8.0,4,68.7107980801809,Fair
Aurangabad(bh),0.7755000000000001,0.13483446641468694,0,105.0,4,86.97496600755939,Excellent
Ayodhya,0.41344444444444445,0.38979581549546904,0,1693.0,9,64.8439033129137,Fair
Azamgarh,0.575,0.391934943581202,2,20573.0,9,64.57528502589727,Fair
Badgam,0.29007692307692307,0.3858053182496887,0,1867.0,13,60.02891737558627,Fair
Bagalkot,0.2595,0.30265982651854423,0,7391.0,18,61.30020520444367,Fair
Bageshwar,0.23500000000000001,0.2883621854543345,0,742.0,9,60.74913443636996,Fair
Baghpat,0.4439090909090909,0.3937507979789894,0,6839.0,11,65.94383969699396,Fair
Bagpat,0.125,0.25,0,1.0,4,57.49999999999999,Fair
Bahraich,0.7444444444444445,0.3000729540924636,3,39338.0,9,70.77558915500389,Good
Bajali,0.3395,0.15004554863996022,0,29.0,4,69.07863354080119,Fair
Baksa,0.7537777777777778,0.3100462779077415,0,3699.0,9,80.84972277387888,Good
Balaghat,0.323,0.3447223520458167,0,6805.0,9,62.57832943862549,Fair
Balanagar,0.0,,0,0.0,1,60.0,Fair
Balangir,0.25152631578947365,0.31579307015495883,0,5670.0,19,60.58726052693017,Fair
Baleshwar,0.2499444444444444,0.30029955088450916,0,1229.0,18,60.9887912512425,Fair
Baleswar,0.24484615384615382,0.2916815747105755,0,6018.0,13,61.04339891252888,Fair
Balianta,0.0,,0,0.0,1,60.0,Fair
Ballari,0.27888888888888885,0.3384166974472612,0,2781.0,9,61.00305463213771,Fair
Ballia,0.22099999999999997,0.26703838675366504,0,9976.0,9,60.82884839739005,Fair
Bally Jagachha,0.0,0.0,0,0.0,4,60.0,Fair
Balod,0.1968888888888889,0.25732102733960766,0,1678.0,9,60.15592473536733,Fair
Baloda Bazar,0.29255555555555557,0.30455545928086364,1,4944.0,9,59.23222511046298,Fair
Balotra,0.1,0.14142135623730953,0,1.0,2,59.75735931288071,Fair
Balrampur,0.5152777777777778,0.39791882198369166,1,18514.0,18,67.00687978493369,Fair
Banas Kantha,0.8925714285714286,0.1320351684752427,1,13498.0,7,87.45608780288559,Excellent
Banaskantha,0.48500000000000004,0.3821292320668493,0,17360.0,9,67.93612303799452,Fair
Banda,0.7102222222222223,0.3229979790098453,0,10591.0,9,78.71894951859353,Good
Bandipore,0.24711111111111114,0.3030063714034923,0,1639.0,9,60.794253302339676,Fair
Bandipur,0.25,0.28867513459481287,0,2.0,4,61.33974596215561,Fair
Bangalore,0.308,0.3681076608819762,0,7016.0,9,61.27677017354072,Fair
Bangalore Rural,0.2711111111111111,0.2743015878756649,0,2644.0,9,62.615396808174495,Fair
Banka,0.5095555555555555,0.41077430272325677,0,11074.0,9,68.05899314052452,Fair
Bankura,0.2614444444444445,0.3168205766325442,0,11355.0,9,60.95316047880145,Fair
Banswara,0.28655555555555556,0.3474655058819189,1,7263.0,9,57.704923712431324,Fair
Bapatla,0.13366666666666668,0.16489238915122797,0,492.0,9,60.39989499212983,Fair
Bara Banki,0.3686666666666667,0.3771998806998751,1,9086.0,9,60.09733691233707,Fair
Barabanki,0.451,0.4367610902999488,0,2375.0,9,64.93716729100154,Fair
Baramula,0.4481538461538462,0.34502846408034377,0,3794.0,13,67.57529992374354,Fair
Baran,0.40655555555555556,0.31852829980674835,1,6267.0,9,63.373039894686436,Fair
Barddhaman,0.28055555555555556,0.33620236135068676,1,15836.0,9,57.80281804836829,Fair
Bardez,0.25,0.28867513459481287,0,2.0,4,61.33974596215561,Fair
Bardhaman,0.37122222222222223,0.44603132675233076,0,1776.0,9,61.46794908631896,Fair
Bareilly,0.5585555555555556,0.24085426667962057,6,27811.0,9,55.1165942218336,Fair
Bargarh,0.2716470588235294,0.30726676951316884,0,5239.0,17,61.64787926754612,Fair
Barmer,0.4048888888888889,0.3920517964645885,3,15851.0,9,54.43400166161791,Fair
Barnala,0.2986666666666667,0.3586425797364278,0,1013.0,9,61.18738927457383,Fair
Barpeta,0.7363333333333333,0.3022044010268547,0,14383.0,9,80.38720130252767,Good
Barwani,0.5714444444444444,0.249371766200141,4,21823.0,9,62.04329145844021,Fair
Bastar,0.24388888888888893,0.2980182227836263,0,6608.0,9,60.81500887204676,Fair
Basti,0.37022222222222223,0.37867789009188857,0,10119.0,9,63.44855218613223,Fair
Bathinda,0.2954444444444444,0.3545060334857191,0,2704.0,9,61.182596773206214,Fair
Baudh,0.3467692307692308,0.35134412234686996,0,175.0,13,63.33044556036314,Fair
Beawar,0.024,0.03394112549695428,0,1.0,2,59.94176623509138,Fair
Beed,0.4943333333333333,0.23718716238447646,3,10185.0,9,62.657718461799035,Fair
Begusarai,0.364,0.3733460191297076,1,13209.0,9,60.02628609277545,Fair
Belagavi,0.2624444444444445,0.3190717439350871,0,7805.0,9,60.92562545972516,Fair
Belgaum,0.24377777777777776,0.2969742319536233,0,6743.0,9,60.8418841525024,Fair
Bellary,0.2793333333333334,0.33738812960743003,0,4220.0,9,61.05168944511043,Fair
Bemetara,0.23844444444444443,0.29752147448172167,1,2771.0,9,57.27880020999279,Fair
Bengaluru,0.35411111111111115,0.28174919895380557,7,30980.0,9,42.37863514249695,Poor
Bengaluru Rural,0.4025,0.4720918342865083,0,2790.0,6,61.93724497140476,Fair
Bengaluru South,0.304,0.21952220844370166,0,203.0,4,65.57433374668895,Fair
Bengaluru Urban,0.9993333333333334,0.0011547005383792605,2,23074.0,3,79.93869231718196,Good
Betul,0.32433333333333336,0.2770613650439195,0,8166.0,9,64.66149238201575,Fair
Bhabua,0.7795000000000001,0.13064328022009655,0,31.0,4,87.26070159339712,Excellent
Bhadohi,0.17099999999999999,0.20969263220246914,0,546.0,9,60.549221033925924,Fair
Bhadradri Kothagudem,0.2707777777777778,0.3340017880856994,0,3211.0,9,60.81105746854013,Fair
Bhadrak,0.23033333333333333,0.2891405113333613,0,4891.0,18,60.53911799333249,Fair
Bhadrak(R),0.0,,0,0.0,1,60.0,Fair
Bhagalpur,0.6478888888888888,0.32274426580670823,1,21062.0,9,72.89989424802097,Good
Bhandara,0.2582222222222222,0.30705975712301414,0,1903.0,9,61.11709617519847,Fair
Bharatpur,0.4217777777777778,0.3344984221852839,2,17054.0,9,60.16949177888593,Fair
Bharuch,0.39911111111111114,0.34489144830092716,0,4351.0,9,65.61770099541664,Fair
Bhavnagar,0.6095555555555555,0.393214989258774,0,10174.0,9,72.58577254445899,Good
Bhilwara,0.5067777777777778,0.4159695835568322,1,11083.0,9,64.45869027107281,Fair
Bhind,0.6008888888888889,0.2556919261750576,0,13967.0,9,76.36479777030382,Good
Bhiwani,0.27388888888888885,0.3294387061520111,0,3489.0,9,61.07239437099522,Fair
Bhojpur,0.3823333333333333,0.3852891771124644,1,13357.0,9,60.40132468662607,Fair
Bhopal,0.45066666666666666,0.29816899570545563,0,12862.0,9,69.081596795503,Fair
Bicholim,0.0,0.0,0,0.0,2,60.0,Fair
Bid,0.412375,0.4413216959154787,0,568.0,8,63.255349122535634,Fair
Bidar,0.2862222222222222,0.29119356868661167,0,4920.0,9,62.71308182829054,Fair
Bijapur,0.5407777777777778,0.39393438622896937,0,10955.0,18,69.81307952424203,Fair
Bijapur(KAR),0.29175,0.34371342229634655,0,3.0,4,61.3585973311096,Fair
Bijnor,0.332,0.32202523193066723,4,16851.0,9,50.285909708746644,Fair
Bikaner,0.5847777777777777,0.26152092544277306,0,13283.0,9,75.54548334782791,Good
Bilaspur,0.2727777777777778,0.29617672696343184,2,9940.0,18,58.69247596887482,Fair
Birbhum,0.43722222222222223,0.26883209340486947,0,15509.0,9,69.42392608674281,Fair
Bishnupur,0.20066666666666666,0.3250772984999107,0,1117.0,9,58.27434771166935,Fair
Biswanath,0.39022222222222225,0.39643750383187065,0,1329.0,9,63.71576377393278,Fair
Bokaro,0.26584615384615384,0.3074678428046978,1,5802.0,13,59.10211856201292,Fair
Bongaigaon,0.5585555555555556,0.29613008590445145,0,3175.0,9,73.4583196450887,Good
Botad,0.5777777777777778,0.39325684284503487,0,2947.0,9,71.31340582576007,Good
Boudh,0.23144444444444445,0.29626302127970305,0,1424.0,9,60.36988713938669,Fair
Budaun,0.6046666666666667,0.34002941049268076,1,15529.0,9,70.65245101855291,Good
Budgam,0.16822222222222222,0.20641267995073473,0,859.0,9,60.53650849036685,Fair
Bulandshahar,0.8245,0.18120614411952665,0,185.0,4,87.5438156764142,Excellent
Bulandshahr,0.40055555555555555,0.23917624835626505,0,16885.0,9,68.84693477153428,Fair
Buldana,0.36188888888888887,0.4301033144618989,0,1075.0,9,61.57245612169859,Fair
Buldhana,0.4837777777777778,0.39741721709614497,1,7084.0,9,64.09526126489342,Fair
Bundi,0.44233333333333336,0.35267690596351786,0,4872.0,9,67.1130261544278,Fair
Burdwan,0.3335,0.4716402230514272,0,2.0,2,59.19079330845718,Fair
Burhanpur,0.7053333333333334,0.30239171615637883,0,9689.0,9,79.14158184864198,Good
Buxar,0.25177777777777777,0.30452700117468146,0,7240.0,9,60.93530107587066,Fair
Cachar,0.6188888888888889,0.39161538671394297,0,17514.0,9,73.00709395413728,Good
Central Delhi,0.49311111111111106,0.3129786112677847,0,3947.0,9,70.3350861064109,Good
Chamarajanagar,0.4391538461538461,0.3771084826575872,0,272.0,13,66.25289936642622,Fair
Chamba,0.19511111111111112,0.24503440801469314,0,1657.0,9,60.45341220400364,Fair
Chamoli,0.253,0.30567016537437863,0,1090.0,9,60.949895038768645,Fair
Champawat,0.2201111111111111,0.27531411353417956,0,866.0,9,60.54502103841906,Fair
Champhai,0.5082222222222222,0.3351058705013155,0,1165.0,9,70.27571277384943,Good
Chamrajanagar,0.28155555555555556,0.3375363354926071,0,2227.0,9,61.136132157444,Fair
Chamrajnagar,0.335,0.39758898375080765,0,380.0,9,61.47233048747578,Fair
Chandauli,0.5846,0.4013934617194345,1,9566.0,10,68.34219614841697,Fair
Chandel,0.19355555555555556,0.2604179866633213,0,759.0,9,59.92968262232259,Fair
Chandigarh,0.22533333333333333,0.2663475173527998,1,2720.0,9,57.68957447941601,Fair
Chandrapur,0.5023333333333333,0.3048069060897407,1,4475.0,9,67.61579281730778,Fair
Changlang,0.2418888888888889,0.2983590305506289,0,803.0,9,60.72478463903668,Fair
Charaideo,0.4686666666666667,0.39605302675273163,0,1189.0,9,66.86507586408472,Fair
Charkhi Dadri,0.20577777777777778,0.2514521712860011,0,858.0,9,60.687545972531076,Fair
Chatra,0.5007777777777778,0.4115354716721809,1,6302.0,9,64.35171362761236,Fair
Chatrapati Sambhaji Nagar,0.18722222222222223,0.2413761472151804,0,211.0,9,60.247604472433466,Fair
Chengalpattu,0.26733333333333337,0.3353926803017621,0,1253.0,9,60.63155292428046,Fair
Chennai,0.255,0.32710446853158903,2,10043.0,10,54.38686594405233,Fair
Chhatarpur,0.5492222222222222,0.24160286514121565,1,17836.0,9,71.38746960131908,Good
Chhatrapati Sambhajinagar,0.17566666666666667,0.2253269846245673,0,1010.0,9,60.266857127929654,Fair
Chhindwara,0.30477777777777776,0.3649492354347991,0,8981.0,9,61.24263404806713,Fair
Chhotaudepur,0.6698888888888889,0.3493595728058859,0,4107.0,9,76.31476837137899,Good
Chickmagalur,0.28255555555555556,0.3386624835699665,0,1231.0,9,61.14234771512322,Fair
Chikkaballapur,0.26522222222222225,0.3214404212983246,0,3152.0,9,60.96567624993915,Fair
Chikkamagaluru,0.24777777777777776,0.3004100438474793,0,1151.0,9,60.89880979568674,Fair
Chikmagalur,0.34155555555555556,0.4056100686346158,0,154.0,9,61.493920163183745,Fair
Chirang,0.5023333333333333,0.3812709010664202,0,3348.0,9,68.65520630134073,Fair
Chitradurga,0.26966666666666667,0.32437247108840783,0,4413.0,9,61.055492534014434,Fair
Chitrakoot,0.26139999999999997,0.3428923381406408,0,5401.0,10,60.16922985578077,Fair
Chittaurgarh,0.3403333333333333,0.4065126074305691,0,357.0,9,61.41795511041626,Fair
Chittoor,0.21407692307692308,0.2423741809470299,3,8199.0,13,54.36877457158909,Fair
Chittorgarh,0.3373333333333333,0.3440995495492547,1,5986.0,9,59.83701351352235,Fair
Chumukedima,0.2372222222222222,0.33656417581858655,0,184.0,9,59.39196361433129,Fair
Churachandpur,0.5515555555555556,0.4017023497289725,0,4638.0,9,70.01115173035305,Good
Churu,0.5082222222222222,0.3252970864370668,0,12780.0,9,70.56997629577688,Good
Coimbatore,0.2401111111111111,0.24063948369108323,1,8986.0,9,59.051926600378614,Fair
Cooch Behar,0.43444444444444447,0.3965879823920258,0,10728.0,9,65.480138306017,Fair
Coochbehar,0.9860000000000001,0.015716233645501725,0,4410.0,3,98.96851299063496,Excellent
Cuddalore,0.23374999999999999,0.32851238388169834,0,8630.0,12,59.49462848354905,Fair
Cuddapah,0.19111111111111112,0.2427753305241517,0,5934.0,9,60.3611845287199,Fair
Cuttack,0.28894444444444445,0.34407103784679016,0,5402.0,18,61.235646642374064,Fair
Dadra & Nagar Haveli,0.26616666666666666,0.26130780062345377,0,25.0,6,62.80743264796305,Fair
Dadra And Nagar Haveli,0.997,0.0014142135623730963,0,716.0,2,99.83757359312881,Excellent
Dadra and Nagar Haveli,0.15883333333333333,0.19307305840627517,0,832.0,18,60.56114158114507,Fair
Dahod,0.5188888888888888,0.41834209818175255,0,10509.0,9,68.20529261010297,Fair
Dakshin Bastar Dantewada,0.2288888888888889,0.2771305849434723,0,1224.0,9,60.841638007251376,Fair
Dakshin Dinajpur,0.33266666666666667,0.3282666598971026,0,6526.0,9,63.458666869753586,Fair
Dakshina Kannada,0.25022222222222223,0.3008013371719688,0,6505.0,9,60.98484877372983,Fair
Daman,0.13814814814814816,0.17770864307444872,0,130.0,27,60.194666633692464,Fair
Damoh,0.3072222222222222,0.367349893758586,2,6066.0,9,54.60172540946464,Fair
Dang,0.9975,0.0007071067811865089,0,872.0,2,99.87878679656441,Excellent
Dantewada,0.23033333333333333,0.2868985012160224,0,710.0,9,60.60637829685267,Fair
Darbhanga,0.3838888888888889,0.3894988589342864,1,15765.0,9,60.337256454193636,Fair
Darjeeling,0.7198888888888889,0.33777338721561695,0,7319.0,9,78.66235393908705,Good
Darjiling,0.393,0.4731054322241502,0,726.0,9,61.52683703327549,Fair
Darrang,0.7343333333333333,0.32376689145124155,0,7595.0,9,79.6603265897961,Good
Datia,0.45155555555555554,0.36828084090511387,0,5843.0,9,67.0137969950688,Fair
Dausa,0.2672222222222222,0.3281226058113711,0,6133.0,9,60.84521071454776,Fair
Davanagere,0.3465555555555555,0.4131812892396966,0,483.0,9,61.46678354503132,Fair
Davangere,0.28288888888888886,0.3379162042742418,0,4813.0,9,61.178069427328296,Fair
Debagarh,0.3493076923076923,0.30174199371189747,0,883.0,13,64.92004788095076,Fair
Deeg,0.309375,0.36047466227580705,0,69.0,8,61.560760131725786,Fair
Dehradun,0.5323333333333333,0.2128332680762103,0,9485.0,9,74.90833529104702,Good
Deoghar,0.4291111111111111,0.4132237421919403,0,8324.0,9,64.76773217868623,Fair
Deoria,0.428,0.39014548568450713,0,10257.0,9,65.41563542946479,Fair
Devbhumi Dwarka,0.6255555555555555,0.3920988750019283,0,2490.0,9,73.25925597216437,Good
Dewas,0.5228888888888888,0.33729602889911275,0,10442.0,9,70.79667468858217,Good
Dhalai,0.3116111111111111,0.3470989245138809,0,1452.0,18,62.05147670902802,Fair
Dhamtari,0.24055555555555555,0.3041772144289867,0,1968.0,9,60.49690578935262,Fair
Dhanbad,0.4107777777777778,0.4129614926896265,1,11031.0,9,60.70893299708898,Fair
Dhar,0.4554444444444445,0.3081574723705037,0,12712.0,9,68.97305360666266,Fair
Dharashiv,0.177,0.23788705303147542,0,144.0,9,59.94338840905573,Fair
Dharmapuri,0.20911111111111114,0.252261493516373,0,5739.0,9,60.79659963895325,Fair
Dharwad,0.2544444444444445,0.3073028274809358,0,5103.0,9,60.958692953349704,Fair
Dhaulpur,0.7022,0.39352725445640996,0,139.0,5,76.28218236630771,Good
Dhemaji,0.735,0.2999204061080206,0,6901.0,9,80.40238781675937,Good
Dhenkanal,0.25777777777777783,0.3179310978915651,0,3017.0,18,60.77317817436416,Fair
Dholpur,0.38466666666666666,0.31163039004564363,1,8580.0,9,62.704421631964024,Fair
Dhubri,0.5624444444444445,0.3013880849963677,0,12646.0,9,73.45613522788675,Good
Dhule,0.6323333333333333,0.38600874342429087,1,12605.0,9,70.37973769727127,Good
Dibang Valley,0.12622222222222224,0.22365865609102736,0,10.0,9,58.33912920615807,Fair
Dibrugarh,0.7217777777777779,0.31811388596608675,0,7062.0,9,79.32769453212852,Good
Didwana-Kuchaman,0.0165,0.02333452377915607,0,2.0,2,59.95996428662531,Fair
Dima Hasao,0.7465,0.2938215444789574,0,250.0,6,81.04535366563128,Good
Dimapur,0.6858888888888889,0.3688056549337484,0,3196.0,9,76.37138590754311,Good
Dinajpur Dakshin,0.999,,0,997.0,1,99.96000000000001,Excellent
Dinajpur Uttar,0.9926666666666666,0.01270170592217177,1,11671.0,3,89.3256154890015,Excellent
Dindigul,0.19822222222222222,0.24421751461441998,0,6083.0,9,60.60236345045629,Fair
Dindori,0.2808888888888889,0.33485237211510255,0,2659.0,9,61.18998439210248,Fair
Diu,0.2242727272727273,0.24726314916514536,0,96.0,22,61.55301461595472,Fair
Doda,0.38923076923076927,0.4444119998841454,0,4504.0,13,62.23687077270641,Fair
Dohad,0.6601111111111111,0.39359288752607197,1,13003.0,9,71.26332448532895,Good
Domjur,0.0,0.0,0,0.0,3,60.0,Fair
Dr. B. R. Ambedkar Konaseema,0.1551111111111111,0.2003693117997642,0,665.0,9,60.19336509045152,Fair
Dumka,0.6126666666666667,0.3928275703155266,1,5825.0,9,69.38850622386754,Fair
Dungarpur,0.39755555555555555,0.4003629950154956,1,6571.0,9,60.55799903842403,Fair
Durg,0.242,0.20032473636573192,0,4095.0,9,63.67025790902805,Fair
East,0.2142222222222222,0.2751066964732855,0,370.0,9,60.315687994690315,Fair
East Champaran,0.48511111111111105,0.4038562381728319,5,29323.0,9,50.62209063259282,Fair
East Delhi,0.34688888888888886,0.2260981227500819,5,10736.0,9,50.42594520638642,Fair
East Garo Hills,0.7678888888888888,0.3469814276169707,0,6052.0,9,80.30611272704644,Good
East Godavari,0.17255555555555555,0.22320176472818887,5,7678.0,9,43.53950261370989,Poor
East Jaintia Hills,0.7071111111111111,0.3557799335419454,0,5133.0,9,77.61104643818608,Good
East Kameng,0.1591111111111111,0.19516367774540197,0,181.0,9,60.50953411208238,Fair
East Khasi Hills,0.7691111111111111,0.29062365889774205,0,28812.0,9,82.0457346775122,Good
East Midnapore,0.2952,0.39092789900724945,0,2118.0,10,60.08016302978252,Fair
East Midnapur,0.125,0.25,0,1.0,4,57.49999999999999,Fair
East Nimar,0.4785555555555556,0.4583255150848333,0,3859.0,9,65.39245676967722,Fair
East Siang,0.12355555555555557,0.15171363741528898,0,168.0,9,60.39081309976355,Fair
East Sikkim,0.24166666666666664,0.30046047993038955,0,339.0,9,60.65285226875498,Fair
East Singhbhum,0.5428888888888889,0.42358837461751847,0,8191.0,9,69.00790431703,Fair
East Singhbum,0.999,,0,1447.0,1,99.96000000000001,Excellent
East midnapore,0.0,0.0,0,0.0,4,60.0,Fair
Eastern West Khasi Hills,0.76725,0.25911564342329213,0,818.0,4,82.91653069730123,Good
Eluru,0.12188888888888888,0.1561685343182522,0,629.0,9,60.19049952600799,Fair
Ernakulam,0.4584444444444445,0.3947192391786569,0,6324.0,9,66.49620060241807,Fair
Erode,0.2081111111111111,0.25586737015710137,0,6017.0,9,60.648423339731394,Fair
Etah,0.553,0.39590087143122077,0,11264.0,9,70.24297385706338,Good
Etawah,0.41644444444444445,0.3506629831872446,0,7154.0,9,66.13788828216045,Fair
Faizabad,0.24911111111111112,0.2997338170962881,0,6926.0,9,60.97242993155581,Fair
Faridabad,0.4361111111111111,0.18416530919560045,1,16155.0,9,68.5861518352431,Fair
Faridkot,0.27644444444444444,0.33407450932056726,0,902.0,9,61.035542498160765,Fair
Farrukhabad,0.3501111111111111,0.3651720294753024,0,5870.0,9,63.04928356018537,Fair
Fatehabad,0.27444444444444444,0.32864346605063943,0,2612.0,9,61.118473796258584,Fair
Fatehgarh Sahib,0.2896666666666667,0.3467646896672151,0,1048.0,9,61.18372597665021,Fair
Fatehpur,0.6801111111111111,0.3494729762243586,1,12333.0,9,73.38692182438035,Good
Fazilka,0.28955555555555557,0.34777223549009456,0,1911.0,9,61.149055157519385,Fair
Ferozepur,0.27066666666666667,0.32492268311092104,0,1381.0,9,61.07898617333903,Fair
Firozabad,0.4026666666666667,0.3217227066900936,1,12300.0,9,63.12165213263052,Fair
Firozpur,0.30666666666666664,0.3669369836906604,0,395.0,9,61.25855715594686,Fair
Gadag,0.2521111111111111,0.30300356994380906,0,4602.0,18,60.99433734613018,Fair
Gadchiroli,0.2737777777777778,0.32987906033036474,0,2374.0,9,61.054739301200165,Fair
Gajapati,0.22282352941176473,0.30214301979652736,0,2002.0,17,59.848650582574756,Fair
Ganderbal,0.2641111111111111,0.32675543011725317,0,843.0,9,60.76178154092684,Fair
Gandhinagar,0.41844444444444445,0.2002480406340541,0,5650.0,9,70.73033655875616,Good
Ganganagar,0.28888888888888886,0.3449787835666291,1,5504.0,9,57.872858715223344,Fair
Ganjam,0.22788888888888892,0.2764571850457114,1,8116.0,18,59.15517333751754,Fair
Garhwa,0.34477777777777774,0.40666571841740945,0,6454.0,18,61.59113955858883,Fair
Garhwal,0.5454,0.3620038673826566,0,56.0,5,70.9558839785203,Good
Gariyaband,0.25622222222222224,0.31732269765089993,0,1542.0,9,60.7292079593619,Fair
Gaurela-pendra-marwahi,0.13922222222222225,0.19694528286923868,0,140.0,9,59.66053040281173,Fair
Gaurella Pendra Marwahi,0.9975,0.0007071067811865874,0,983.0,2,99.87878679656441,Excellent
Gautam Buddha Nagar,0.5157,0.2745149459602438,0,18957.0,10,72.3925516211927,Good
Gaya,0.6952222222222222,0.3424181572937458,2,27401.0,9,70.86967750340985,Good
Ghaziabad,0.4912222222222222,0.2661356692449256,3,23070.0,9,61.664818811541124,Fair
Ghazipur,0.218,0.2636925292836336,1,11288.0,9,57.475890788157656,Fair
Gir Somnath,0.5690000000000001,0.36595559839958725,0,5723.0,9,71.78133204801239,Good
Giridih,0.39444444444444443,0.3973594440525829,1,14303.0,9,60.523661122866955,Fair
Goalpara,0.693111111111111,0.3243171458790163,0,9898.0,9,77.99493006807394,Good
Godda,0.3897777777777778,0.39528874818851656,1,5390.0,9,60.39911533212228,Fair
Golaghat,0.7465555555555555,0.3249350362422892,0,11505.0,9,80.11417113495354,Good
Gomati,0.2767777777777778,0.3330344493358674,0,679.0,9,61.08007763103509,Fair
Gonda,0.47700000000000004,0.39957852795164056,1,15267.0,9,63.75931082811746,Fair
Gondia,0.635,0.2002614957166421,0,29.0,4,79.39215512850073,Good
Gondiya,0.3772307692307692,0.32102703776217817,0,2947.0,13,65.45841963636543,Fair
Gopalganj,0.6083333333333333,0.3910332466683619,0,15148.0,9,72.60233593328248,Good
Gorakhpur,0.6714444444444445,0.35298091701645545,1,19969.0,9,72.93501693395078,Good
Gulbarga,0.2975555555555556,0.3586914102369581,0,4356.0,9,61.14147991511347,Fair
Gumla,0.5003333333333333,0.41514033771725917,0,6701.0,9,67.55912320181557,Fair
Guna,0.4666666666666667,0.3654329623884523,1,9811.0,9,64.37034446167978,Fair
Guntur,0.19266666666666665,0.2424505104139812,4,9729.0,9,47.0998180209139,Poor
Gurdaspur,0.45811111111111114,0.3041572144650051,0,5120.0,9,69.1997280104943,Fair
Gurgaon,0.31622222222222224,0.2704522960605889,0,6861.0,9,64.53532000707123,Fair
Gurugram,0.9906666666666667,0.014433756729740706,0,2636.0,3,99.19365396477444,Excellent
Gwalior,0.5706666666666667,0.24116177143154344,0,18542.0,9,75.59181352372035,Good
Hailakandi,0.49811111111111117,0.40495352956988917,0,5578.0,9,67.77583855734777,Fair
Hamirpur,0.2702777777777778,0.3156628517068684,0,4663.0,18,61.341225559905055,Fair
Hanumakonda,0.17777777777777778,0.22739655767940825,0,1030.0,9,60.289214380728865,Fair
Hanumangarh,0.31277777777777777,0.31449434723766406,1,4940.0,9,59.74294736064786,Fair
Haora,0.3844444444444444,0.45964173850704393,0,2862.0,9,61.58852562256646,Fair
Hapur,0.44466666666666665,0.36711884996551186,0,7262.0,9,66.77310116770133,Fair
Harda,0.3665555555555555,0.42465366126544085,0,2744.0,18,61.922612384259004,Fair
Hardoi,0.49311111111111106,0.4064300199432998,3,25193.0,9,57.53154384614545,Fair
Hardwar,0.784,0.14322709240922268,0,146.0,4,87.06318722772333,Excellent
Haridwar,0.3602222222222222,0.37418169977224225,1,5955.0,9,59.85010456238828,Fair
Hasan,0.30744444444444446,0.3663550569840381,0,993.0,9,61.307126068256636,Fair
Hassan,0.22844444444444445,0.2769458932314718,0,2494.0,9,60.829400980833626,Fair
Hathras,0.45855555555555555,0.39416243831417747,0,6493.0,9,66.51734907279689,Fair
Haveri,0.26022222222222224,0.30468914835317484,0,4359.0,18,61.26821443829365,Fair
Hawrah,0.33325,0.40811221904438655,0,6.0,4,61.0866334286684,Fair
Hazaribag,0.27711111111111114,0.34408917610281076,0,566.0,9,60.761769161360114,Fair
Hazaribagh,0.3681111111111111,0.38229420753015747,1,6204.0,9,59.92228488520639,Fair
Hingoli,0.5245384615384615,0.4139588577352053,1,8190.0,13,66.25508042179,Fair
Hisar,0.3312222222222222,0.32055334102836064,0,5234.0,9,63.63228865803807,Fair
Hnahthial,0.14575,0.17167483799322486,0,2.0,4,60.679754860203246,Fair
Hojai,0.6274444444444445,0.35016857051679806,0,7050.0,9,74.59272066227383,Good
Hooghiy,0.125,0.25,0,1.0,4,57.49999999999999,Fair
Hooghly,0.297078431372549,0.3014534685909091,2,15371.0,51,61.66306260893939,Fair
Hoshangabad,0.4553333333333333,0.4397394114700205,0,5982.0,9,65.02115098923271,Fair
Hoshiarpur,0.535888888888889,0.23366773656435988,0,4134.0,9,74.42552345862477,Good
Howrah,0.22920000000000001,0.32861324785630097,0,11414.0,25,59.30960256431097,Fair
Hugli,0.9085,0.03256275991578925,0,194.0,4,95.36311720252633,Excellent
Hyderabad,0.31633333333333336,0.2760528508648085,3,30830.0,18,59.37174780738908,Fair
Idukki,0.23822222222222222,0.2873611742119043,0,1698.0,9,60.908053662531756,Fair
Imphal East,0.08388888888888889,0.1286695811414303,0,1132.0,9,59.49546812131265,Fair
Imphal West,0.19922222222222222,0.3192623442318941,1,1236.0,9,55.05768522859873,Fair
Indore,0.4277777777777778,0.2665167807933385,1,22303.0,9,65.78227435397763,Fair
Jabalpur,0.3886666666666667,0.34685263441409814,0,12467.0,9,65.14108763424373,Fair
Jagatsinghapur,0.44899999999999995,0.38951444132406693,0,3184.0,13,66.27456676027799,Fair
Jagatsinghpur,0.3297777777777778,0.3980272533940916,0,694.0,9,61.25029350928837,Fair
Jagitial,0.23622222222222222,0.2901347866844726,0,1595.0,9,60.74484528835471,Fair
Jaintia Hills,0.2,0.4,0,4.0,4,56.00000000000001,Fair
Jaipur,0.4018888888888889,0.2971562907143497,8,31146.0,9,40.4942001674584,Poor
Jaisalmer,0.4206666666666667,0.41793749532675334,0,2854.0,9,64.28854180686406,Fair
Jajapur,0.24436842105263157,0.3211706383643567,0,2608.0,19,60.139617691174564,Fair
Jajpur,0.295,0.31580992557376825,0,2507.0,23,62.32570223278695,Fair
Jalandhar,0.29600000000000004,0.360501386959884,0,4118.0,9,61.02495839120348,Fair
Jalaun,0.47111111111111115,0.3991930749789018,0,5557.0,9,66.86865219507739,Fair
Jalgaon,0.5431111111111111,0.3453546888506237,6,13260.0,9,51.36380377892573,Fair
Jalna,0.2796666666666667,0.33685902095683884,0,5590.0,9,61.080896037961494,Fair
Jalor,0.47177777777777774,0.4544592329840427,1,13991.0,9,61.904000788256496,Fair
Jalore,0.2915,0.475110162664057,0,494.0,4,57.40669512007829,Fair
Jalpaiguri,0.6734444444444444,0.3538057769140829,0,10654.0,9,76.32360447035529,Good
Jammu,0.5723846153846154,0.4044699285199372,0,4620.0,13,70.7612867597865,Good
Jamnagar,0.5806666666666667,0.37043656676953485,0,6078.0,9,72.11356966358062,Good
Jamtara,0.33511111111111114,0.40694208569661494,0,4450.0,9,61.196181873545996,Fair
Jamui,0.6173333333333333,0.39327820941415,0,10382.0,9,72.89498705090882,Good
Jangaon,0.41080000000000005,0.2628025875062877,0,81.0,5,68.54792237481138,Fair
Jangoan,0.19211111111111112,0.25142963451254335,0,1022.0,9,60.14155540906814,Fair
Janjgir - Champa,0.6785,0.040607881008493864,0,33.0,4,85.9217635697452,Excellent
Janjgir Champa,0.74175,0.19882215671297804,0,25.0,4,83.70533529861066,Good
Janjgir-champa,0.246,0.306388234108296,2,4639.0,9,53.981686310084456,Fair
Jashpur,0.17188888888888887,0.2239567170484313,0,2543.0,9,60.156854044102616,Fair
Jaunpur,0.43755555555555553,0.3837502804921161,0,15853.0,9,65.98971380745873,Fair
Jayashankar Bhupalpally,0.19833333333333336,0.2488799911603984,0,847.0,9,60.46693359852138,Fair
Jehanabad,0.4656666666666667,0.3986981941268357,0,4883.0,9,66.6657208428616,Fair
Jhabua,0.7435555555555555,0.31103018788821407,1,13488.0,9,77.07798325224246,Good
Jhajjar,0.2963,0.31932778352867036,0,2625.0,10,62.27216649413989,Fair
Jhalawar,0.36000000000000004,0.35046005478513526,1,7036.0,9,60.55286502311261,Fair
Jhansi,0.38722222222222225,0.38889901574116187,0,7160.0,9,63.821918416654036,Fair
Jhargram,0.3712222222222222,0.38618867726079753,0,962.0,9,63.263228571064964,Fair
Jharsuguda,0.33130769230769236,0.31053593045340844,0,1182.0,13,63.93622977870543,Fair
Jhunjhunu,0.2947777777777778,0.3611273244223489,0,311.0,9,60.95729137844064,Fair
Jhunjhunun,0.2838888888888889,0.34746634529276516,0,7611.0,9,60.93156519677261,Fair
Jind,0.2995555555555556,0.36150245888206317,0,3821.0,9,61.137148455760325,Fair
Jiribam,0.14177777777777778,0.17395960578376937,0,145.0,9,60.45232293759803,Fair
Jodhpur,0.6376666666666666,0.25321285512390557,2,22215.0,9,71.24361434628284,Good
Jogulamba Gadwal,0.16377777777777777,0.2133440752503909,0,1844.0,9,60.150788853599394,Fair
Jorhat,0.7601111111111112,0.3215285541147335,0,4887.0,9,80.75858782100245,Good
Junagadh,0.41844444444444445,0.41140251309122766,0,5536.0,9,64.39570238504095,Fair
Jyotiba Phule Nagar,0.7203999999999999,0.4079960784125259,0,84.0,5,76.57611764762422,Good
K.V.Rangareddy,0.46420000000000006,0.32029470804245264,0,69.0,5,68.95915875872643,Fair
K.v. Rangareddy,0.22986666666666666,0.24168777576116868,5,17428.0,15,51.9440333938316,Fair
Kabeerdham,0.18988888888888888,0.24016111490229036,0,955.0,9,60.39072210848684,Fair
Kachchh,0.4998888888888888,0.23368485426127025,0,9302.0,9,72.98500992771744,Good
Kaimur (Bhabua),0.6713333333333333,0.3558605766307923,0,7825.0,9,76.17751603440956,Good
Kaithal,0.30433333333333334,0.2933943591823128,0,2991.0,9,63.37150255786395,Fair
Kakching,0.06688888888888889,0.08434963610538644,0,109.0,9,60.14506647239395,Fair
Kakinada,0.15355555555555556,0.18928160971889946,0,969.0,9,60.46377393065524,Fair
Kalaburagi,0.30966666666666665,0.29906228448268096,0,4782.0,9,63.41479813218625,Fair
Kalahandi,0.32930769230769236,0.34470092945803144,0,4496.0,13,62.831279808566755,Fair
Kalimpong,0.44555555555555554,0.4033144279315802,0,513.0,9,65.72278938427483,Fair
Kallakurichi,0.28988888888888886,0.3379594814635493,0,1064.0,9,61.45677111164907,Fair
Kamareddy,0.20066666666666666,0.2576426789179153,0,2008.0,9,60.297386299129194,Fair
Kamle,0.17616666666666667,0.16085324574489215,0,30.0,6,62.221069294319896,Fair
Kamrup,0.7806,0.2849020104449169,0,13809.0,10,82.67693968665249,Good
Kamrup Metro,0.7325555555555555,0.3288043153271833,0,6046.0,9,79.43809276240673,Good
Kancheepuram,0.23333333333333334,0.23336023654427504,1,13050.0,9,58.99919290367175,Fair
Kanchipuram,0.4928333333333333,0.4377900942993875,0,387.0,6,66.57963050435171,Fair
Kandhamal,0.33861538461538465,0.31212485174513593,0,3081.0,13,64.1808698322613,Fair
Kangpokpi,0.0,,0,0.0,1,60.0,Fair
Kangra,0.26133333333333336,0.31917040902940863,0,3966.0,9,60.878221062451075,Fair
Kanker,0.22122222222222224,0.28582196284478284,0,1705.0,9,60.27423000354539,Fair
Kannauj,0.3472222222222222,0.3670067362385116,0,6638.0,9,62.878686801733544,Fair
Kanniyakumari,0.1368888888888889,0.16699808714806022,0,2275.0,9,60.46561294111375,Fair
Kannur,0.369,0.3747092205964513,0,5965.0,9,63.518723382106465,Fair
Kanpur Dehat,0.44033333333333335,0.3922738201817705,0,8017.0,9,65.84511872788022,Fair
Kanpur Nagar,0.6627777777777778,0.27296784507418537,0,24708.0,9,78.32207575888555,Good
Kanyakumari,0.18988888888888888,0.23213489852047478,0,2005.0,9,60.631508599941306,Fair
Kapurthala,0.7175555555555556,0.33567138361465637,0,3726.0,9,78.63208071378254,Good
Karaikal,0.30271428571428577,0.3436119073273551,0,567.0,14,61.80021420875077,Fair
Karauli,0.43466666666666665,0.3625237923226557,0,8636.0,9,66.51095289698699,Fair
Karbi Anglong,0.5086666666666666,0.414179610797055,0,8107.0,9,67.92127834275502,Fair
Kargil,0.2894090909090909,0.30789897215852646,0,1022.0,22,62.33939447160783,Fair
Karim Nagar,0.22555555555555554,0.2905908253503159,0,82.0,9,60.304497461712735,Fair
Karimganj,0.7563333333333334,0.32847564597698864,0,14833.0,9,80.39906395402367,Good
Karimnagar,0.2005,0.2525477823164186,0,6467.0,18,60.44356653050744,Fair
Karnal,0.26844444444444443,0.3242765452168531,0,4048.0,9,61.009481421272184,Fair
Karur,0.25,0.3046785190984097,0,4019.0,9,60.8596444270477,Fair
Kasaragod,0.28655555555555556,0.3414927199484314,0,3555.0,9,61.21744062376928,Fair
Kasargod,0.449,0.4811774249543657,0,315.0,8,63.524677251369035,Fair
Kasganj,0.35277777777777775,0.37156755031143995,0,6341.0,9,62.96408460176791,Fair
Kathua,0.365,0.3839513858116242,0,2962.0,13,63.08145842565127,Fair
Katihar,0.5114444444444444,0.41387139038326604,3,16350.0,9,58.04163606627979,Fair
Katni,0.4854444444444444,0.3259298663482342,0,10941.0,9,69.63988178733076,Fair
Kaushambi,0.4048888888888889,0.34606698934037483,0,7463.0,9,65.81354587534432,Fair
Kawardha,0.205,0.2645137047489222,2,2142.0,9,53.59792219086567,Fair
Kendrapara,0.37735714285714284,0.318374382218085,0,4016.0,14,65.54305424774316,Fair
Kendujhar,0.3587142857142857,0.34519123542029423,0,5426.0,14,63.9928343659626,Fair
Khagaria,0.2587777777777778,0.31093077114438905,0,8196.0,9,61.02318797677944,Fair
Khairagarh Chhuikhadan Gandai,0.2628333333333333,0.23540298780318542,0,246.0,6,63.45124369923777,Fair
Khairthal-Tijara,0.0,0.0,0,0.0,2,60.0,Fair
Khammam,0.12983333333333333,0.1772098290993244,0,5021.0,18,59.877038460353596,Fair
Khandwa,0.5015555555555555,0.3654863578545413,0,4521.0,9,69.09763148658598,Fair
Khargone,0.6826666666666666,0.3018310785853571,1,15039.0,9,74.91840097577263,Good
Khawzawl,0.4375,0.2495829855311989,0,36.0,4,70.01251043406404,Good
Kheda,0.6211111111111111,0.393003322010274,0,7567.0,9,73.05434478413622,Good
Kheri,0.726,0.33563372893676824,4,24578.0,9,65.63765479856362,Fair
Khorda,0.25433333333333336,0.27183094122277657,0,4317.0,12,62.01840509665004,Fair
Khordha,0.36047368421052634,0.39947289831880717,0,1222.0,19,62.434760418856825,Fair
Khowai,0.19344444444444442,0.24770653559762562,0,339.0,9,60.30658170984901,Fair
Khunti,0.5114444444444444,0.4174209838733287,0,2644.0,9,67.93514826157792,Fair
Kinnaur,0.22944444444444445,0.27317764875219525,0,163.0,9,60.98244831521191,Fair
Kiphire,0.41111111111111115,0.42964242238297545,0,908.0,9,63.55517177295518,Fair
Kishanganj,0.2951111111111111,0.3555873466690162,3,8764.0,9,51.13682404437397,Fair
Kishtwar,0.3496666666666667,0.41734038865175754,0,1269.0,9,61.46645500711394,Fair
Koch Bihar,0.3791111111111111,0.4539128342656893,0,3348.0,9,61.54705941647376,Fair
Kodagu,0.259,0.308455831522116,0,1211.0,9,61.106325054336516,Fair
Kodarma,0.2654444444444445,0.34158934084332576,0,310.0,9,60.37009755247801,Fair
Koderma,0.31033333333333335,0.3757841800821317,0,3222.0,9,61.139807930869374,Fair
Kohima,0.5281111111111111,0.422593020660672,0,1621.0,9,68.44665382462428,Fair
Kokrajhar,0.7316666666666667,0.23132877036806296,0,4609.0,9,82.32680355562478,Good
Kolar,0.26266666666666666,0.3165821378410349,0,4186.0,9,61.009202531435626,Fair
Kolasib,0.26355555555555554,0.3319966532629174,0,275.0,9,60.582322624334694,Fair
Kolhapur,0.2691111111111111,0.3243653204507398,1,7480.0,9,57.70015149758891,Fair
Kolkata,0.5645384615384615,0.4230684766056624,0,10362.0,13,69.88948416336859,Fair
Kollam,0.3528888888888889,0.36440892018597887,0,5069.0,9,63.18328794997618,Fair
Komaram Bheem,0.12077777777777778,0.16215330537625328,0,1106.0,9,59.96651194982352,Fair
Kondagaon,0.26966666666666667,0.34418926479482187,1,3038.0,9,57.12765538948867,Fair
Koppal,0.2798888888888889,0.33449717653682987,0,5451.0,9,61.16064025945066,Fair
Koraput,0.2750555555555556,0.3431021923262586,0,4502.0,18,60.70915645243446,Fair
Korba,0.2742222222222222,0.3351644289665066,0,3542.0,9,60.91395601989369,Fair
Koriya,0.2408888888888889,0.29688316070654985,0,1763.0,9,60.72906073435907,Fair
Kota,0.29188888888888886,0.3448504909538496,1,7525.0,9,57.99670749360673,Fair
Kotputli-Behror,0.0,0.0,0,0.0,2,60.0,Fair
Kottayam,0.262,0.3129229138302275,0,3321.0,9,61.092312585093175,Fair
Kozhikode,0.20511111111111113,0.24649718276505944,0,6704.0,9,60.80952896149265,Fair
Kra Daadi,0.16666666666666666,0.20037215375395853,0,81.0,9,60.65550205404791,Fair
Krishna,0.18411111111111111,0.23317667359989316,2,6737.0,9,53.70247756978098,Fair
Krishnagiri,0.18666666666666665,0.2258605764625602,0,5075.0,9,60.690849372789856,Fair
Kulgam,0.25522222222222224,0.31262988411929604,0,1211.0,9,60.82999236531001,Fair
Kullu,0.34800000000000003,0.36870008136695603,0,1239.0,9,62.85899755899131,Fair
Kupwara,0.3316153846153846,0.3370686227020492,0,2884.0,13,63.152556703553905,Fair
Kurnool,0.20277777777777778,0.2610607102657243,4,11770.0,9,46.94595646980605,Poor
Kurukshetra,0.37855555555555553,0.3834609207960803,0,2404.0,9,63.63839459833982,Fair
Kurung Kumey,0.1567777777777778,0.19337255349310678,0,75.0,9,60.4699345063179,Fair
Kushi Nagar,0.999,,0,1570.0,1,99.96000000000001,Excellent
Kushinagar,0.316,0.29345003506035416,2,10617.0,14,59.550784662475095,Fair
Lahaul and Spiti,0.17049999999999998,0.23582691392912164,0,3.0,4,59.74519258212635,Fair
Lahul & Spiti,0.6038,0.4167153704868588,0,38.0,5,71.65053888539423,Good
Lahul and Spiti,0.22883333333333333,0.2276905063165056,0,32.0,6,62.32261814383817,Fair
Lakhimpur,0.7314444444444445,0.30627892153685304,0,7199.0,9,80.06941013167219,Good
Lakhisarai,0.4547777777777778,0.3953156263600573,0,6155.0,9,66.33164232030938,Fair
Lakshadweep,0.23500000000000001,0.2853480331104457,0,203.0,9,60.83955900668663,Fair
Lalitpur,0.3791111111111111,0.38285977996011944,0,4753.0,9,63.678651045640855,Fair
Latehar,0.23277777777777775,0.2851625754625674,0,2609.0,9,60.756233847234085,Fair
Latur,0.5406666666666666,0.36433295211934924,5,7607.0,9,54.03001143641952,Fair
Lawngtlai,0.6317777777777778,0.3776078580279341,0,1642.0,9,73.94287537027309,Good
Leh,0.19972222222222225,0.2562360597196531,0,331.0,18,60.30180709729929,Fair
Leh (ladakh),0.22925,0.3147309697715389,0,3.0,4,59.72807090685384,Fair
Leparada,0.14575,0.17167483799322486,0,3.0,4,60.679754860203246,Fair
Lohardaga,0.5157777777777777,0.4113088188264925,0,2959.0,9,68.29184654631632,Fair
Lohit,0.21233333333333335,0.26204627453944085,0,166.0,9,60.63194509715011,Fair
Longding,0.3627777777777778,0.39710445029544106,0,897.0,9,62.59797760224788,Fair
Longleng,0.4331111111111111,0.4260746543871286,0,889.0,9,64.54220481283059,Fair
Lower Dibang Valley,0.17588888888888887,0.21817335105624408,0,109.0,9,60.49035502386823,Fair
Lower Siang,0.20933333333333334,0.20783519111706436,0,31.0,6,62.1382775998214,Fair
Lower Subansiri,0.1668888888888889,0.20281484440521388,0,105.0,9,60.591110223399134,Fair
Lucknow,0.5712222222222222,0.24121296491781788,3,25514.0,9,65.61249994135436,Fair
Ludhiana,0.6595555555555556,0.2399000370524727,0,17614.0,9,79.18522111064804,Good
Lunglei,0.42477777777777775,0.3932972087931014,0,726.0,9,65.19219484731806,Fair
Madanapalle,0.0,,0,0.0,1,60.0,Fair
Madhepura,0.2797777777777778,0.3336498080989175,0,9027.0,9,61.181616868143585,Fair
Madhubani,0.7364444444444445,0.31108805470120154,3,25930.0,9,70.12513613674174,Good
Madurai,0.24155555555555555,0.22087276377538673,1,9938.0,9,59.70270597562728,Fair
Mahabub Nagar,0.3287777777777778,0.4029534023239467,0,1511.0,9,61.0625090413927,Fair
Mahabubabad,0.18922222222222224,0.24570753843633786,0,1503.0,9,60.19766273579875,Fair
Mahabubnagar,0.22584615384615384,0.26481309325442043,0,10175.0,13,61.08945335621354,Fair
Maharajganj,0.6834444444444444,0.33330733231925425,1,17871.0,9,74.00522447486682,Good
Mahasamund,0.2515555555555556,0.3281364468902804,2,3361.0,9,53.551462148847136,Fair
Mahbubnagar,0.18122222222222223,0.2503666200683398,0,722.0,9,59.73789028683869,Fair
Mahendragarh,0.2873333333333334,0.34432070806153964,0,2754.0,9,61.16371209148714,Fair
Mahesana,0.4978888888888889,0.3203008134724467,0,6490.0,9,70.30653115138215,Good
Mahisagar,0.6447777777777778,0.39362379811749754,0,2563.0,9,73.98239716758619,Good
Mahoba,0.2339,0.3042416619874551,0,3020.0,10,60.22875014037634,Fair
Mahrajganj,0.6094999999999999,0.3034100635553585,0,19.0,4,75.27769809333924,Good
Maihar,0.38787499999999997,0.41906816271341824,0,418.0,8,62.942955118597446,Fair
Mainpuri,0.6065555555555555,0.39114514924485233,0,11726.0,9,72.52786774487664,Good
Majuli,0.3406666666666667,0.36947970174286976,0,515.0,9,62.54227561438057,Fair
Malappuram,0.39311111111111113,0.3905219086185961,1,14567.0,9,60.67545385255324,Fair
Malda,0.40453846153846157,0.32948308388155917,1,15830.0,13,63.98935363739938,Fair
Maldah,0.3262222222222222,0.39898520579646113,0,1756.0,9,61.07933271499506,Fair
Malerkotla,0.3048888888888889,0.3637964556054815,0,865.0,9,61.2816618873911,Fair
Malkangiri,0.3228571428571429,0.3309503465297051,0,2870.0,14,62.98577531839455,Fair
Mamit,0.21133333333333335,0.26270182717293766,0,171.0,9,60.5722785181452,Fair
Mammit,0.34822222222222227,0.42202422258022637,0,79.0,9,61.2681622114821,Fair
Mancherial,0.13933333333333334,0.19068757169779052,0,1094.0,9,59.852706182399615,Fair
Mandi,0.27388888888888885,0.3293294112452016,0,2514.0,9,61.07567321819951,Fair
Mandla,0.30033333333333334,0.35786100653745445,0,4911.0,9,61.2775031372097,Fair
Mandsaur,0.3218888888888889,0.3869823782953316,0,8276.0,9,61.266084206695616,Fair
Mandya,0.2853333333333333,0.34046622446286795,0,3594.0,9,61.19934659944729,Fair
ManendragarhChirmiriBharatpur,0.0,0.0,0,0.0,3,60.0,Fair
Manendragarh–Chirmiri–Bharatpur,0.472,0.19811276250324378,0,294.0,4,72.9366171249027,Good
Mangan,0.25,0.28867513459481287,0,3.0,4,61.33974596215561,Fair
Mansa,0.30277777777777776,0.36213939918827454,0,1124.0,9,61.24692913546288,Fair
Marigaon,0.7292222222222222,0.2780034971802413,0,10487.0,9,80.82878397348165,Good
Mathura,0.39488888888888884,0.3114379731360823,0,11746.0,9,66.45241636147307,Fair
Mau,0.21566666666666665,0.2628564246884599,0,7579.0,9,60.74097392601288,Fair
Mauganj,0.38425,0.417422619005179,0,438.0,8,62.84732142984463,Fair
Mayiladuthurai,0.24899999999999997,0.31099397100265463,0,502.0,9,60.63018086992036,Fair
Mayurbhanj,0.37153846153846154,0.3392092803822382,0,8154.0,13,64.68526005007132,Fair
Medak,0.22183333333333333,0.2748925458514761,0,8950.0,18,60.62655695778905,Fair
Medchal Malkajgiri,0.9964999999999999,0.0007071067811865874,0,704.0,2,99.83878679656439,Excellent
Medchal-malkajgiri,0.254,0.326562398325343,0,4070.0,9,60.36312805023971,Fair
Medchal?malkajgiri,0.2,0.27386127875258304,0,2.0,5,59.78416163742251,Fair
Medchalâmalkajgiri,0.0,,0,0.0,1,60.0,Fair
Medchal−malkajgiri,0.55025,0.1560050747037843,0,535.0,4,77.32984775888647,Good
Medinipur,0.68675,0.2589612261838955,0,29.0,4,79.70116321448313,Good
Medinipur West,0.9944999999999999,0.004949747468305877,0,645.0,2,99.63150757595083,Excellent
Meerut,0.6648888888888889,0.2990624702484601,2,24027.0,9,70.95701478143508,Good
Meluri,0.52075,0.3749074330195833,0,17.0,4,69.58277700941251,Fair
Mewat,0.38922222222222225,0.3739788689811825,1,7558.0,9,61.01618948612008,Fair
Mirzapur,0.2338888888888889,0.2807362839233844,0,7645.0,9,60.93346703785403,Fair
Moga,0.30266666666666664,0.3603956159555773,0,1535.0,9,61.29479818799935,Fair
Mohali,0.0,0.0,0,0.0,4,60.0,Fair
Mohalla-Manpur-Ambagarh Chowki,0.21280000000000002,0.26579070713627295,0,14.0,5,60.5382787859118,Fair
Mohla-Manpur-Ambagarh Chouki,0.061000000000000006,0.08779664002682562,0,259.0,9,59.806100799195235,Fair
Mokokchung,0.358,0.3799763150513463,0,490.0,9,62.9207105484596,Fair
Mon,0.46799999999999997,0.4114201015993263,0,2223.0,9,66.3773969520202,Fair
Monghyr,0.87575,0.061108510045655665,0,49.0,4,93.19674469863033,Excellent
Moradabad,0.5956666666666667,0.27116461789842716,3,21545.0,9,65.69172812971385,Fair
Morbi,0.6594444444444444,0.26643625462346104,0,8004.0,9,78.38469013907394,Good
Morena,0.5646666666666667,0.23582938748171314,3,22381.0,9,65.51178504221527,Fair
Muktsar,0.3343333333333333,0.3976814051473868,0,334.0,9,61.44289117891173,Fair
Mulugu,0.211,0.2749781809525985,0,937.0,9,60.190654571422044,Fair
Mumbai,0.4211111111111111,0.413325671972007,7,14552.0,9,41.1113409519509,Poor
Mumbai City,0.227,0.2820691404602779,0,2929.0,9,60.61792578619166,Fair
Mumbai Suburban,0.4072222222222222,0.2468819443467757,1,18216.0,9,65.54909722515228,Fair
Mumbai( Sub Urban ),0.5873333333333334,0.45776223813969913,0,419.0,6,69.76046618914236,Fair
Mungeli,0.274,0.34256860626741614,1,2957.0,9,57.349608478644186,Fair
Munger,0.5944444444444444,0.3913132093065321,0,6087.0,9,72.03838149858181,Good
Murshidabad,0.28355555555555556,0.34534913895618413,7,35911.0,9,37.64841472020336,Poor
Muzaffarnagar,0.40044444444444444,0.3230635042492076,1,11949.0,9,62.99253931696822,Fair
Muzaffarpur,0.7073333333333333,0.3378250286760885,2,28855.0,9,71.49191580638401,Good
Mysore,0.31833333333333336,0.3788970836520123,0,3073.0,9,61.36642082377297,Fair
Mysuru,0.4298888888888889,0.35723152312066625,0,4361.0,9,66.47860986193557,Fair
N. T. R,0.12466666666666668,0.15682155464093578,0,933.0,9,60.28202002743859,Fair
Nabarangapur,0.3493076923076923,0.36038506827544536,0,6232.0,13,63.16075564404433,Fair
Nabarangpur,0.998,,0,442.0,1,99.92000000000002,Excellent
Nadia,0.5197647058823529,0.38811524213366133,1,17716.0,17,67.38242508893133,Fair
Nagaon,0.5901111111111111,0.3694872949251586,0,12873.0,9,72.51982559668969,Good
Nagapattinam,0.22744444444444442,0.2772557984565477,0,4047.0,9,60.780103824081344,Fair
Nagarkurnool,0.17866666666666667,0.22878319431286903,0,1361.0,9,60.283170837280586,Fair
Nagaur,0.5678888888888889,0.36433928021984,2,17267.0,9,65.1187104822937,Fair
Nagpur,0.41055555555555556,0.25255697926958537,3,11828.0,9,58.84551284413466,Fair
Naihati Anandabazar,0.0,,0,0.0,1,60.0,Fair
Nainital,0.295,0.29083199617648675,0,3951.0,9,63.075040114705395,Fair
Najafgarh,0.406,0.3919315416413093,0,30.0,7,64.48205375076073,Fair
Nalanda,0.46111111111111114,0.398614614773607,1,14575.0,9,63.1526726679029,Fair
Nalbari,0.518,0.4178363914261179,0,3881.0,9,68.18490825721646,Fair
Nalgonda,0.20127777777777778,0.2619193422221149,0,7828.0,18,60.193530844447665,Fair
Namakkal,0.1976,0.22948841655589794,0,4873.0,10,61.019347503323054,Fair
Namchi,0.4535,0.239546098555859,0,24.0,4,70.95361704332423,Good
Namsai,0.208,0.24718919879315115,0,150.0,9,60.90432403620547,Fair
Nanded,0.6864444444444444,0.34195873695195705,4,11947.0,9,63.86568233588573,Fair
Nandurbar,0.7036153846153846,0.3460644300467613,1,10656.0,13,75.45499017552024,Good
Nandyal,0.1628888888888889,0.20708298122035793,0,905.0,9,60.30306611894481,Fair
Narayanpet,0.17099999999999999,0.21373932721892808,0,1310.0,9,60.42782018343216,Fair
Narayanpur,0.23744444444444446,0.2961967720583359,1,762.0,9,57.27854128269436,Fair
Narmada,0.23666666666666666,0.28694380983042655,0,1280.0,9,60.858352371753874,Fair
Narmadapuram,0.33155555555555555,0.39535304194830445,0,737.0,9,61.40163096377309,Fair
Narsimhapur,0.3562222222222222,0.42471542760352426,0,1189.0,9,61.50742606078317,Fair
Narsinghpur,0.3604444444444444,0.35569372749287803,0,5174.0,9,63.74696595299143,Fair
Nashik,0.40455555555555556,0.33273041306405665,9,22368.0,9,36.20030983030052,Poor
Navsari,0.5431111111111111,0.3969318091449854,0,2757.0,9,69.81649017009488,Fair
Nawada,0.4081111111111111,0.4071324859442085,0,15413.0,9,64.1104698661182,Fair
Nawanshahr,0.689,0.38595854699695403,0,192.0,5,75.98124359009137,Good
Nayagarh,0.2403684210526316,0.3073955487508121,0,2466.0,19,60.3928703795809,Fair
Near Uday nagar NIT garden,0.0,,0,0.0,1,60.0,Fair
Near University Thana,0.0,,0,0.0,1,60.0,Fair
Near meera hospital,0.0,,0,0.0,1,60.0,Fair
Neemuch,0.30633333333333335,0.36991113797775815,0,4964.0,9,61.155999194000586,Fair
Nellore,0.21166666666666667,0.2651230846229728,0,5367.0,9,60.51297412797747,Fair
New Delhi,0.3921111111111111,0.36740490077176585,0,1637.0,9,64.66229742129146,Fair
Nicobar,0.2733333333333333,0.3589390616803917,0,75.0,9,60.16516148292158,Fair
Nicobars,0.16666666666666666,0.2886751345948129,0,1.0,3,58.00641262882228,Fair
Nirmal,0.12644444444444444,0.17075721881600725,0,1401.0,9,59.93506121329756,Fair
Niuland,0.21457142857142858,0.2696206329535737,0,31.0,7,60.49423815424993,Fair
Niwari,0.2668888888888889,0.32645996861960136,0,142.0,9,60.88175649696752,Fair
Nizamabad,0.20772222222222222,0.2689622334204859,0,7101.0,18,60.240021886274306,Fair
Noklak,0.428,0.4233222767584999,0,354.0,9,64.420331697245,Fair
North,0.307,0.24496775297985654,0,44.0,6,64.9309674106043,Fair
North 24 Parganas,0.5064444444444445,0.398710142556943,5,28606.0,9,51.62980683440283,Fair
North And Middle Andaman,0.31222222222222223,0.37393474623849066,0,132.0,9,61.27084650173417,Fair
North Cachar Hills,0.5302222222222223,0.4207831323193035,0,1058.0,9,68.58539491930979,Fair
North Delhi,0.343,0.28265482483056964,3,4459.0,9,55.2403552550829,Fair
North Dinajpur,0.4524285714285714,0.42577962106503603,0,342.0,7,65.32375422519176,Fair
North East,0.3989,0.4245804334215655,1,1740.0,10,60.21858699735304,Fair
North East Delhi,0.3466666666666667,0.2809105729587265,5,12113.0,9,48.77268281123821,Poor
North Garo Hills,0.6789999999999999,0.40297301398480767,0,3069.0,9,75.07080958045577,Good
North Goa,0.34155555555555556,0.3645490745808824,0,1354.0,9,62.72574998479574,Fair
North Sikkim,0.20355555555555555,0.2575282077322361,0,62.0,9,60.41637599025513,Fair
North Tripura,0.39677777777777773,0.39895920147860287,0,1488.0,9,63.902335066753025,Fair
North Twenty Four Parganas,0.369,0.4443900313913443,0,1627.0,9,61.428299058259675,Fair
North West Delhi,0.32366666666666666,0.2449209056001549,6,16043.0,9,45.59903949866202,Poor
Nuapada,0.2954761904761905,0.32529765124384447,0,2122.0,21,62.060118081732284,Fair
Nuh,0.999,,0,1506.0,1,99.96000000000001,Excellent
Osmanabad,0.38755555555555554,0.3907940989546513,0,4026.0,9,63.778399253582684,Fair
Pakaur,0.24433333333333332,0.3163443535136987,0,297.0,9,60.28300272792237,Fair
Pakke Kessang,0.09,0.12449899597988733,0,4.0,5,59.86503012060338,Fair
Pakur,0.5742222222222222,0.40102736121671856,1,6924.0,9,67.604734719054,Fair
Palakkad,0.2931111111111111,0.34793801331718716,0,6724.0,9,61.286304044928826,Fair
Palamau,0.29411111111111116,0.3644696298885699,0,286.0,9,60.83035554778735,Fair
Palamu,0.24877777777777776,0.30241890556716927,1,8606.0,9,57.545210610762695,Fair
Palghar,0.5957777777777777,0.3317121409361503,0,10699.0,9,73.87974688302661,Good
Pali,0.3512222222222222,0.36807872044502166,0,9114.0,9,63.00652727553824,Fair
Palnadu,0.15433333333333332,0.19773340638344347,0,860.0,9,60.24133114183003,Fair
Palwal,0.28988888888888886,0.34802171068930615,1,4703.0,9,57.821570901543026,Fair
Panch Mahals,0.8322,0.12253856535801287,0,1402.0,5,89.61184303925963,Excellent
Panchkula,0.20066666666666666,0.24362522447398588,0,1384.0,9,60.71790993244709,Fair
Panchmahals,0.5225555555555556,0.421097705737965,0,6279.0,9,68.26929105008327,Fair
Pandhurna,0.4422,0.2643467419886237,0,98.0,5,69.7575977403413,Fair
Panipat,0.4042222222222222,0.34754667951865753,0,6088.0,9,65.74248850332916,Fair
Panna,0.5126666666666666,0.37355990148836904,0,9339.0,9,69.29986962201559,Fair
Papum Pare,0.17977777777777776,0.21965130194115498,0,447.0,9,60.60157205287646,Fair
Parbhani,0.4872222222222222,0.3988642556615526,2,6272.0,9,60.856294552375644,Fair
Parvathipuram Manyam,0.15811111111111112,0.2243938749411648,0,508.0,9,59.592628196209496,Fair
Paschim Bardhaman,0.24333333333333332,0.30398314097989054,0,1276.0,9,60.613839103936606,Fair
Paschim Medinipur,0.2611111111111111,0.31835964114678716,2,18085.0,9,54.226988543374155,Fair
Pashchim Champaran,0.751,0.3269324963090349,1,16359.0,8,76.48202511072894,Good
Pashchimi Singhbhum,0.32999999999999996,0.3999499968746093,0,599.0,9,61.201500093761716,Fair
Patan,0.7324444444444445,0.30032362174457367,0,8967.0,9,80.28806912544057,Good
Pathanamthitta,0.22111111111111112,0.2631527334289179,0,1951.0,9,60.949862441576904,Fair
Pathankot,0.2841111111111111,0.3385400435858528,0,1115.0,9,61.20824313686886,Fair
Patiala,0.36944444444444446,0.3161254146344102,0,5150.0,9,65.29401533874548,Fair
Patna,0.6737777777777778,0.3516951015360385,3,24644.0,9,66.40025806502996,Fair
Pauri Garhwal,0.25277777777777777,0.3112313358973425,0,1856.0,9,60.774171034190836,Fair
Peddapalli,0.18733333333333332,0.24619961413454733,0,588.0,9,60.10734490929691,Fair
Perambalur,0.18588888888888888,0.23697227920394212,0,2130.0,9,60.32638717943729,Fair
Peren,0.6012222222222222,0.422831756665041,0,1454.0,9,71.36393618893766,Good
Phalodi,0.0,0.0,0,0.0,2,60.0,Fair
Phek,0.4232222222222222,0.44505527122419797,0,1043.0,9,63.57723075216295,Fair
Pherzawl,0.40800000000000003,0.2904846524918887,0,11.0,4,67.60546042524334,Fair
Pilibhit,0.5454444444444444,0.2634155989644079,4,13635.0,9,60.5819764755122,Fair
Pithoragarh,0.22866666666666666,0.28171084466168494,0,1220.0,9,60.69534132681611,Fair
Pondicherry,0.2643846153846154,0.29369642446510946,0,1087.0,13,61.76449188143134,Fair
Poonch,0.0,0.0,0,0.0,2,60.0,Fair
Porbandar,0.5770000000000001,0.390411001381877,0,2519.0,9,71.36766995854369,Good
Prakasam,0.22755555555555557,0.24297279225826454,1,7623.0,9,58.47970512114096,Fair
Pratapgarh,0.276,0.32555924734126623,1,14102.0,18,59.606555913095335,Fair
Prayagraj,0.39766666666666667,0.3598996387883711,0,2865.0,9,65.10967750301553,Fair
Puducherry,0.16933333333333334,0.20747469725246012,0,1330.0,9,60.54909241575952,Fair
Pudukkottai,0.33444444444444443,0.35992364159329376,0,7045.0,9,62.58006852997896,Fair
Pulwama,0.33266666666666667,0.3099009616968073,0,1875.0,12,64.00963781576245,Fair
Punch,0.26071428571428573,0.28861590887742633,0,2630.0,14,61.77009416224863,Fair
Pune,0.371,0.2686275302347099,8,31763.0,9,40.114507426292036,Poor
Purba Bardhaman,0.411,0.40796568483145734,0,3041.0,9,64.20102945505629,Fair
Purba Champaran,0.83375,0.12295087094716599,0,127.0,4,89.66147387158503,Excellent
Purba Medinipur,0.29033333333333333,0.3541214480937296,0,14322.0,9,60.98968989052145,Fair
Purbi Champaran,0.999,0.001732050807568911,1,14871.0,3,89.90803847577294,Excellent
Purbi Singhbhum,0.3987777777777778,0.47725328122962596,0,986.0,9,61.633512674222324,Fair
Puri,0.2634444444444444,0.3173758622020533,0,3731.0,18,61.01650191171617,Fair
Purnea,0.318,0.3928323433730985,0,257.0,9,60.93502969880704,Fair
Purnia,0.6343333333333333,0.395833929824112,4,20100.0,9,60.164982105276636,Fair
Purulia,0.29033333333333333,0.357965780487465,0,783.0,9,60.874359918709374,Fair
Puruliya,0.25277777777777777,0.31403016486389396,0,13219.0,9,60.6902061651943,Fair
Puttenahalli,0.0,,0,0.0,1,60.0,Fair
Rae Bareli,0.2498888888888889,0.30235428078846693,1,9729.0,9,57.59159379856822,Fair
Raebareli,0.25,0.28867513459481287,0,3.0,4,61.33974596215561,Fair
Raichur,0.36944444444444446,0.35851851804025103,0,9779.0,9,64.02222223657023,Fair
Raigad,0.36733333333333335,0.30776614498674154,0,3433.0,9,65.46034898373108,Fair
Raigarh,0.3085,0.33211288831997365,0,10186.0,18,62.37661335040079,Fair
Raigarh(MH),0.85775,0.09680005165287875,0,88.0,4,91.40599845041363,Excellent
Raipur,0.2049230769230769,0.28780504441330346,1,7041.0,13,57.25507943683167,Fair
Raisen,0.35888888888888887,0.354544935249555,0,7567.0,9,63.7192074980689,Fair
Raja Annamalai Puram,0.0,,0,0.0,1,60.0,Fair
Rajanna Sircilla,0.19444444444444445,0.23429901360820488,0,888.0,9,60.74880736953163,Fair
Rajauri,0.25,0.28867513459481287,0,2.0,4,61.33974596215561,Fair
Rajgarh,0.32033333333333336,0.3799539445774974,1,8171.0,9,58.08138166267507,Fair
Rajkot,0.5589999999999999,0.2624099845661365,0,17070.0,9,74.4877004630159,Good
Rajnandgaon,0.2222222222222222,0.279096657888346,2,4185.0,9,53.84932248557184,Fair
Rajouri,0.2871111111111111,0.3488995000155648,0,2674.0,9,61.01745944397749,Fair
Rajsamand,0.282,0.3409886361742866,0,4512.0,9,61.0503409147714,Fair
Ramanagar,0.28755555555555556,0.3475629839004404,0,2949.0,9,61.07533270520902,Fair
Ramanagara,0.995,,0,204.0,1,99.8,Excellent
Ramanathapuram,0.3158888888888889,0.34791861276900826,0,4005.0,9,62.19799717248531,Fair
Ramban,0.28855555555555557,0.34822733634477604,0,1920.0,9,61.09540213187894,Fair
Ramgarh,0.27855555555555556,0.3426215518290958,0,2979.0,9,60.863575667349345,Fair
Rampur,0.5852222222222223,0.26765405740329146,3,20110.0,9,65.37926716679014,Fair
Ranchi,0.5832222222222222,0.375363416497192,1,14265.0,9,68.7346530606398,Fair
Ranga Reddy,0.996,,0,284.0,1,99.83999999999999,Excellent
Rangareddi,0.16176923076923075,0.2305533755431895,0,1884.0,13,59.55416796447355,Fair
Rangareddy,0.15066666666666667,0.18784767765399712,0,300.0,9,60.39123633704675,Fair
Ranipet,0.19487500000000002,0.22063572920087082,0,111.0,8,61.175928123973875,Fair
Ratlam,0.32033333333333336,0.3854948118976442,1,7982.0,9,57.91515564307068,Fair
Ratnagiri,0.22977777777777778,0.2773696891234593,0,2603.0,9,60.87002043740733,Fair
Rayagada,0.28688888888888886,0.37101845346351375,0,3226.0,18,60.34500195165013,Fair
Reasi,0.32499999999999996,0.3898381074240947,0,1715.0,9,61.30485677727715,Fair
Rewa,0.28911111111111115,0.3467475466547833,0,10838.0,9,61.162018044800945,Fair
Rewari,0.224,0.26937009856329636,0,2485.0,9,60.87889704310111,Fair
Ri Bhoi,0.7402222222222222,0.3109187103479693,0,9308.0,9,80.28132757844982,Good
Rohtak,0.3352222222222222,0.327337279338062,0,3413.0,9,63.588770508747025,Fair
Rohtas,0.2152222222222222,0.25883043569959935,0,7939.0,9,60.84397581790091,Fair
Rudraprayag,0.28933333333333333,0.34983460377727077,0,956.0,9,61.0782952200152,Fair
Rupnagar,0.2786153846153846,0.32035229005516686,0,1249.0,13,61.53404668296037,Fair
S.A.S Nagar,0.9964999999999999,0.0007071067811865874,0,705.0,2,99.83878679656439,Excellent
S.A.S Nagar(Mohali),0.42425,0.45489928241629174,0,277.0,8,63.323021527511244,Fair
SAS Nagar (Mohali),0.3038888888888889,0.29423266492881295,0,2953.0,9,63.328575607691164,Fair
Sabar Kantha,0.8055999999999999,0.1403417257981389,0,2437.0,5,88.01374822605584,Excellent
Sabarkantha,0.4792222222222222,0.401936493048895,0,5115.0,9,67.11079409742204,Fair
Sagar,0.43677777777777776,0.31847008406511973,0,13841.0,9,67.91700858915752,Fair
Saharanpur,0.5351111111111111,0.2903801148686168,1,19166.0,9,69.35970766505261,Fair
Saharsa,0.6334444444444444,0.39215561678723637,0,13063.0,9,73.57310927416067,Good
Sahebganj,0.2728888888888889,0.32970571895420786,1,6321.0,9,57.69105065359599,Fair
Sahibganj,0.309,0.3775821102753678,0,365.0,9,61.03253669173896,Fair
Saiha,0.5418888888888889,0.42894447322597723,0,657.0,9,68.80722135877623,Fair
Saitual,0.15866666666666665,0.1746558520825073,0,12.0,6,61.106991104191444,Fair
Sakti,0.16411111111111112,0.21836691853646495,0,455.0,9,60.013436888350505,Fair
Salem,0.2968888888888889,0.3402563167835552,1,10249.0,9,58.33453271871556,Fair
Salumbar,0.019666666666666666,0.03406366588218792,0,1.0,3,59.764756690201025,Fair
Samastipur,0.3893333333333333,0.39093573640689333,3,19207.0,9,53.84526124112654,Fair
Samba,0.27455555555555555,0.3301890031145462,0,588.0,9,61.076552128785835,Fair
Sambalpur,0.35023076923076923,0.33243349055266025,0,2577.0,13,64.03622605265096,Fair
Sambhal,0.364,0.37437581385554275,1,8677.0,9,59.99539225100039,Fair
Samstipur,0.8145,0.14039586888509217,0,82.0,4,88.36812393344724,Excellent
Sangareddy,0.19144444444444442,0.24052760294356607,0,2703.0,9,60.44194968947079,Fair
Sangli,0.5721111111111111,0.3644771750207565,0,7632.0,9,71.95012919382175,Good
Sangrur,0.4053333333333333,0.4012707938537267,0,2329.0,9,64.17520951772153,Fair
Sant Kabir Nagar,0.24366666666666667,0.29693896679284115,1,6169.0,9,57.505164329548094,Fair
Sant Ravidas Nagar,0.21433333333333332,0.259399306090051,0,4420.0,9,60.79135415063179,Fair
Sant Ravidas Nagar Bhadohi,0.7805,0.09577926010711647,0,84.0,4,88.34662219678651,Excellent
Saran,0.6198888888888888,0.391323537640034,2,24218.0,9,66.38918275968786,Fair
Sarangarh-Bilaigarh,0.259,0.058736700622353664,0,186.0,4,68.5978989813294,Fair
Satara,0.7038888888888889,0.33414010700769087,0,6021.0,9,78.13135234532483,Good
Satna,0.37177777777777776,0.33952789936092803,0,13276.0,9,64.68527413028326,Fair
Sawai Madhopur,0.3814444444444445,0.3753139056546903,0,6744.0,9,63.99836060813706,Fair
Sehore,0.41911111111111116,0.39842955602102503,0,6518.0,9,64.81155776381368,Fair
Senapati,0.1348888888888889,0.19768943095449262,0,1501.0,9,59.46487262692077,Fair
Seoni,0.29011111111111115,0.3486464700970184,0,6081.0,9,61.14505034153389,Fair
Sepahijala,0.38666666666666666,0.3912288332932531,0,1728.0,9,63.72980166786908,Fair
Seraikela-Kharsawan,0.2982222222222222,0.3578836325461734,0,3389.0,9,61.19237991250368,Fair
Seraikela-kharsawan,0.3775555555555556,0.44832970878336603,0,861.0,9,61.652330958721244,Fair
Serchhip,0.171,0.20447004670611293,0,102.0,9,60.70589859881661,Fair
Shahdara,0.3304444444444445,0.29843806355386,0,1700.0,9,64.26463587116199,Fair
Shahdol,0.30444444444444446,0.361365850320389,0,5297.0,9,61.33680226816611,Fair
Shaheed Bhagat Singh Nagar,0.28055555555555556,0.34130781968448626,0,946.0,9,60.982987631687635,Fair
Shahjahanpur,0.6185555555555555,0.3161791861868485,2,24291.0,9,68.5901799699501,Fair
Shajapur,0.33666666666666667,0.4017228522252624,0,7025.0,9,61.41498109990879,Fair
Shamator,0.5786,0.3854092629919525,0,247.0,5,71.58172211024143,Good
Shamli,0.34477777777777774,0.34001057990075023,0,8200.0,9,63.5907937140886,Fair
Sheikhpura,0.2776666666666667,0.3401995737798623,0,3199.0,9,60.9006794532708,Fair
Sheikpura,0.8345,0.06538348415311009,0,29.0,4,91.4184954754067,Excellent
Sheohar,0.29244444444444445,0.34713149925896636,0,3262.0,9,61.28383280000879,Fair
Sheopur,0.531,0.33711941504458026,0,7230.0,9,71.1264175486626,Good
Shi-yomi,0.15666666666666665,0.21766086005527036,0,35.0,9,59.73684086500855,Fair
Shimla,0.23911111111111114,0.29769256139700756,0,1670.0,9,60.63366760253422,Fair
Shimoga,0.32033333333333336,0.38125254097513894,0,2260.0,9,61.37575710407916,Fair
Shivamogga,0.23122222222222222,0.27773898618027043,0,2229.0,9,60.91671930348077,Fair
Shivpuri,0.5938888888888889,0.3727668320963,3,12741.0,9,62.57255059266655,Fair
Shopian,0.997,,0,412.0,1,99.88000000000001,Excellent
Shravasti,0.999,0.0,0,2535.0,2,99.96000000000001,Excellent
Shrawasti,0.4673333333333334,0.3984174945958071,0,5117.0,9,66.74080849545912,Fair
Shupiyan,0.20266666666666666,0.24603048591587182,0,666.0,9,60.72575208919051,Fair
Siang,0.12788888888888889,0.20194457435422997,0,103.0,9,59.05721832492865,Fair
Sibsagar,0.49666666666666665,0.41366381277554365,0,2737.0,9,67.45675228340036,Fair
Siddharth Nagar,0.9984999999999999,0.0021213203435596836,0,4341.0,2,99.8763603896932,Excellent
Siddharthnagar,0.48000000000000004,0.4028334022893335,0,14013.0,9,67.11499793131999,Fair
Siddipet,0.16622222222222222,0.21368948136126037,0,1876.0,9,60.23820444805108,Fair
Sidhi,0.30644444444444446,0.365835725125059,3,6292.0,9,51.282706024026005,Fair
Sikar,0.4112222222222222,0.3317260834550766,0,11400.0,9,66.49710638523658,Fair
Simdega,0.26466666666666666,0.3241037642484271,0,2079.0,9,60.86355373921386,Fair
Sindhudurg,0.24477777777777776,0.2971740978693204,0,1202.0,9,60.87588817503149,Fair
Singrauli,0.28833333333333333,0.3436069702436201,1,6550.0,9,57.8917908926914,Fair
Sirmaur,0.24688888888888888,0.30361548233104174,0,1584.0,9,60.7670910856243,Fair
Sirohi,0.7153333333333333,0.2966871247627709,0,10732.0,9,79.7127195904502,Good
Sirsa,0.2806666666666666,0.3364086057163223,0,3335.0,9,61.134408495177,Fair
Sitamarhi,0.739,0.25628841175519423,5,42232.0,9,65.20468098067751,Fair
Sitapur,0.7257777777777777,0.33014495974411673,5,30854.0,9,62.46009565212094,Fair
Sivaganga,0.32122222222222224,0.3513590676849602,0,4446.0,9,62.30811685834008,Fair
Sivasagar,0.991,0.007071067811865481,0,422.0,2,99.42786796564404,Excellent
Siwan,0.6121111111111112,0.39446243307964207,0,15311.0,9,72.65057145205517,Good
Solan,0.23944444444444446,0.2946282026177701,0,1176.0,9,60.73893169924467,Fair
Solapur,0.5828888888888889,0.3649672740275641,3,12292.0,9,62.36653733472863,Fair
Sonapur,0.3192307692307692,0.29245773308467266,0,1510.0,13,63.99549877669058,Fair
Sonbhadra,0.21033333333333334,0.25324790226179567,0,5034.0,9,60.81589626547945,Fair
Sonipat,0.29488888888888887,0.29969753270774707,0,4619.0,9,62.80462957432314,Fair
Sonitpur,0.772,0.3105008051519351,0,9197.0,9,81.56497584544195,Good
South,0.23888888888888887,0.3173497457240373,0,197.0,9,60.03506318383444,Fair
South 24 Pargana,0.1875,0.23935677693908453,0,2.0,4,60.31929669182746,Fair
South 24 Parganas,0.13812500000000003,0.27711641134148407,6,33542.0,24,49.71150765975547,Poor
South 24 pargana,0.0,0.0,0,0.0,3,60.0,Fair
South Andaman,0.3528461538461539,0.3439890613943623,0,228.0,13,63.794174312015286,Fair
South Delhi,0.3918888888888889,0.28328891808736734,2,13395.0,9,60.51022134626787,Fair
South Dinajpur,0.3632222222222222,0.4362131869217671,0,446.0,9,61.442493281235876,Fair
South DumDum(M),0.0,0.0,0,0.0,4,60.0,Fair
South East Delhi,0.14066666666666666,0.18209956068041458,0,60.0,9,60.16367984625424,Fair
South Garo Hills,0.7625555555555557,0.36022149821710775,0,4441.0,9,79.695577275709,Good
South Goa,0.213,0.2697484939716995,0,977.0,9,60.42754518084901,Fair
South Salmara Mankachar,0.37922222222222224,0.39429486991900414,0,1472.0,9,63.34004279131877,Fair
South Sikkim,0.4596666666666667,0.40823890064519813,0,459.0,9,66.13949964731071,Fair
South Tripura,0.23155555555555557,0.2788678500253799,0,2158.0,9,60.89618672146082,Fair
South Twenty Four Parganas,0.29645454545454547,0.41678060502772046,0,4107.0,11,59.3547636673502,Fair
South West Delhi,0.32844444444444443,0.20723423408736738,2,9255.0,9,60.25408408849009,Fair
South West Garo Hills,0.6924444444444444,0.37402543734053406,0,4956.0,9,76.47701465756175,Good
South West Khasi Hills,0.7258888888888889,0.33557467292856163,0,3446.0,9,78.96831536769871,Good
Spsr Nellore,0.9953333333333333,0.005507570547286114,0,2183.0,3,99.64810621691475,Excellent
Sri Muktsar Sahib,0.25722222222222224,0.30894246138147546,0,1315.0,9,61.02061504744463,Fair
Sri Potti Sriramulu Nellore,0.18455555555555556,0.2377478239180703,0,1614.0,9,60.24978750468011,Fair
Sri Sathya Sai,0.1441111111111111,0.18919001324359355,0,938.0,9,60.08874404713664,Fair
Sribhumi,0.4665,0.16979693754599937,0,169.0,4,73.56609187362002,Good
Srikakulam,0.11666666666666667,0.161533278305122,1,4300.0,9,56.48733498417968,Fair
Srinagar,0.2988461538461538,0.30408547212745035,0,3259.0,13,62.83128199002264,Fair
Subarnapur,0.32061538461538464,0.3438564473879418,0,405.0,13,62.508921962977126,Fair
Sukma,0.5556666666666668,0.39315232416965307,0,2179.0,9,70.43209694157709,Good
Sultanpur,0.6791111111111111,0.35263275671881517,0,11434.0,9,76.58546174287999,Good
Sundargarh,0.3636875,0.39453681175947747,0,730.0,16,62.71139564721568,Fair
Sundergarh,0.23354545454545453,0.27729347761401224,0,4001.0,11,61.02301385339781,Fair
Supaul,0.3025555555555555,0.3625279682697292,1,10411.0,9,57.89304984079702,Fair
Surajpur,0.2441111111111111,0.3059107077418362,0,2977.0,9,60.587123212189354,Fair
Surat,0.3877777777777778,0.2558631361576818,7,25469.0,9,44.501883693047326,Poor
Surendra Nagar,0.5225555555555556,0.40524008658791116,0,6855.0,9,68.74501962458488,Fair
Surendranagar,0.8917999999999999,0.0745902138353283,0,1442.0,5,93.43429358494015,Excellent
Surguja,0.20955555555555555,0.26833566251577107,1,3556.0,9,56.99881901341575,Fair
Suryapet,0.15977777777777777,0.21661069789935222,0,2042.0,9,59.89279017413054,Fair
Tamenglong,0.17666666666666667,0.24187961881894887,0,960.0,9,59.8102781020982,Fair
Tamulpur District,0.489,0.10805862606320084,0,55.0,4,76.31824121810398,Good
Tapi,0.3438888888888889,0.3694856033881579,0,2212.0,9,62.67098745391082,Fair
Tarn Taran,0.4073333333333333,0.39176619302844395,0,2939.0,9,64.54034754248002,Fair
Tawang,0.18866666666666665,0.22978957765747338,0,154.0,9,60.65297933694247,Fair
Tehri Garhwal,0.2495,0.32806850571861423,0,2781.0,10,60.13794482844157,Fair
Tenkasi,0.20522222222222222,0.25109548869791437,0,1268.0,9,60.67602422795145,Fair
Thane,0.4678,0.27179600193282216,9,43688.0,10,43.55811994201533,Poor
Thanjavur,0.21455555555555555,0.21403978083005454,0,7372.0,9,62.1610287973206,Fair
The Dangs,0.40955555555555556,0.3555942600461624,0,1328.0,9,65.71439442083735,Fair
The Nilgiris,0.19822222222222222,0.25059468159648646,0,1714.0,9,60.4110484409943,Fair
Theni,0.1948888888888889,0.23987884673541165,0,3473.0,9,60.5991901534932,Fair
Thiruvallur,0.4244444444444444,0.41414312475010107,0,605.0,9,64.55348403527475,Fair
Thiruvananthapuram,0.473,0.3961660005603711,0,6663.0,9,67.03501998318886,Fair
Thiruvarur,0.21033333333333334,0.2563820391525116,0,4165.0,9,60.721872158757996,Fair
Thoothukkudi,0.20833333333333334,0.2512762424106187,0,5319.0,9,60.79504606101478,Fair
Thoubal,0.07300000000000001,0.1037725879025863,1,1067.0,9,56.47348902958909,Fair
Thrissur,0.37022222222222223,0.3753008052808366,0,7071.0,9,63.54986473046379,Fair
Tikamgarh,0.30477777777777776,0.36462027431897476,1,7242.0,9,57.91916954820853,Fair
Tinsukia,0.6788888888888889,0.33776191483219525,0,8384.0,9,77.02269811058969,Good
Tirap,0.2408888888888889,0.3097383752638848,0,99.0,9,60.343404297639005,Fair
Tiruchirappalli,0.22177777777777777,0.27325390105988323,0,9932.0,9,60.673494079314615,Fair
Tirunelveli,0.1942222222222222,0.2344007134042993,1,9675.0,9,57.403534153426584,Fair
Tirupathur,0.14275,0.2855,0,4.0,4,57.145,Fair
Tirupati,0.17922222222222223,0.22768277151432526,0,1719.0,9,60.33840574345912,Fair
Tirupattur,0.24377777777777776,0.29981901948416223,0,1048.0,9,60.756540526586235,Fair
Tiruppur,0.1751111111111111,0.21503223272595928,0,6192.0,9,60.55347746266566,Fair
Tiruvallur,0.20844444444444446,0.2502009747738361,1,11435.0,9,57.498415201229356,Fair
Tiruvannamalai,0.207,0.24816929705344296,0,7266.0,9,60.83492108839671,Fair
Tiruvarur,0.16666666666666666,0.2886751345948129,0,1.0,3,58.00641262882228,Fair
Tiswadi,0.0,0.0,0,0.0,3,60.0,Fair
Tonk,0.32611111111111113,0.32487937932579086,0,5915.0,9,63.298063064670714,Fair
Tseminyu,0.4246666666666667,0.33690453642933726,0,32.0,6,66.87953057378655,Fair
Tuensang,0.4692222222222222,0.41249781144200565,0,1579.0,9,66.3939545456287,Fair
Tumakuru,0.2672222222222222,0.3202767466495881,0,3000.0,9,61.08058648940124,Fair
Tumkur,0.27366666666666667,0.32875598853861204,0,2942.0,9,61.0839870105083,Fair
Tuticorin,0.3333333333333333,0.2886751345948129,0,2.0,3,64.67307929548895,Fair
Udaipur,0.45655555555555555,0.36849834162147566,2,14906.0,9,60.54060530691129,Fair
Udalguri,0.5587777777777778,0.4105017593682692,0,4565.0,9,70.03605833006303,Good
Udham Singh Nagar,0.227,0.30186015894045304,3,6095.0,10,51.02419523178641,Fair
Udhampur,0.31050000000000005,0.3881793300881595,0,2808.0,14,60.77462009735521,Fair
Udupi,0.23666666666666666,0.30240981625882607,0,3593.0,12,60.39437217890189,Fair
Ujjain,0.33888888888888885,0.4053506027022917,0,14308.0,9,61.3950374744868,Fair
Ukhrul,0.1638888888888889,0.22899751332953622,0,781.0,9,59.685630155669465,Fair
Umaria,0.3561111111111111,0.42345821648789755,0,5300.0,9,61.54069794980752,Fair
Una,0.2644444444444444,0.3241126775949651,0,1247.0,9,60.85439744992882,Fair
Unakoti,0.40211111111111114,0.4088185552431679,0,639.0,9,63.8198877871494,Fair
Unnao,0.7143333333333334,0.3042897467874986,0,19148.0,9,79.44464092970837,Good
Upper Siang,0.07755555555555554,0.10345543860898651,0,43.0,9,59.99855906395262,Fair
Upper Subansiri,0.15055555555555555,0.180212451783382,0,143.0,9,60.61584866872076,Fair
Uttar Bastar Kanker,0.22866666666666666,0.2846844744625179,0,888.0,9,60.606132432791135,Fair
Uttar Dinajpur,0.4588888888888889,0.35180514651026795,4,26892.0,9,54.46806782691418,Fair
Uttara Kannada,0.276,0.3335622130877537,0,3470.0,9,61.0331336073674,Fair
Uttarkashi,0.22688888888888892,0.27213390290647566,0,1132.0,9,60.91153846836128,Fair
Vadodara,0.6685555555555556,0.3216920542658426,0,12284.0,9,77.09146059424694,Good
Vaishali,0.40477777777777774,0.4035916184021225,2,18007.0,9,57.416695892380766,Fair
Valsad,0.4913333333333333,0.34149084907212374,0,7448.0,9,69.40860786116963,Fair
Varanasi,0.6851111111111111,0.3486321286271693,2,23334.0,9,70.2788139189627,Good
Vellore,0.31955555555555554,0.3484523321457008,0,9633.0,9,62.3286522578512,Fair
Vidisha,0.43777777777777777,0.286622913327676,0,10374.0,9,68.91242371128084,Fair
Vijayanagara,0.2897777777777778,0.3495160145750756,0,2119.0,9,61.10563067385885,Fair
Vijayapura,0.33322222222222225,0.3309561065223672,0,5596.0,9,63.40020569321787,Fair
Vikarabad,0.126,0.156298592444078,0,2593.0,9,60.351042226677656,Fair
Villupuram,0.18322222222222223,0.22182751056720726,0,6772.0,9,60.67406357187266,Fair
Viluppuram,0.21223076923076922,0.33540526577215857,0,5122.0,13,58.42707279606601,Fair
Virudhunagar,0.2028888888888889,0.2465925001112384,0,5407.0,9,60.7177805522184,Fair
Visakhapatanam,0.995,,0,226.0,1,99.8,Excellent
Visakhapatnam,0.18888888888888888,0.23499332141810136,4,8178.0,9,47.17242257967917,Poor
Vizianagaram,0.16177777777777777,0.21704249455911725,0,3856.0,9,59.95983627433758,Fair
Wanaparthy,0.15666666666666665,0.19573898436438258,0,1667.0,9,60.39449713573519,Fair
Warangal,0.15683333333333332,0.20918841774258695,0,4011.0,18,59.99768080105572,Fair
Warangal (urban),0.31775,0.2659453264614114,0,7.0,4,64.73164020615765,Fair
Warangal Rural,0.20033333333333334,0.24735702941295198,0,732.0,9,60.592622450944766,Fair
Warangal Urban,0.19366666666666668,0.2519116908759893,0,663.0,9,60.18931594038699,Fair
Wardha,0.24822222222222223,0.30337550073208686,0,1953.0,9,60.82762386692628,Fair
Washim,0.6063846153846154,0.3666827735390039,0,3418.0,13,73.25490140921448,Good
Wayanad,0.232,0.28145292679238565,0,1516.0,9,60.83641219622843,Fair
West,0.22833333333333336,0.2932439257682928,0,208.0,9,60.33601556028454,Fair
West Champaran,0.4831111111111111,0.4031058931733833,6,30438.0,9,47.231267649242945,Poor
West Delhi,0.45222222222222225,0.2160878165108909,5,19414.0,9,54.93958772689549,Fair
West Garo Hills,0.754,0.3323334169174084,0,15875.0,9,80.18999749247774,Good
West Godavari,0.18400000000000002,0.23797163696541654,1,5935.0,9,56.88751755770417,Fair
West Jaintia Hills,0.8343333333333334,0.19742973433604166,0,11816.0,9,87.45044130325208,Excellent
West Kameng,0.2571111111111111,0.3236145254946247,0,278.0,9,60.57600867960571,Fair
West Karbi Anglong,0.7431111111111111,0.3693191182583311,0,1884.0,9,78.64487089669451,Good
West Khasi Hills,0.7444444444444445,0.28227783791466476,0,15898.0,9,81.30944264033783,Good
West Medinipur,0.16675,0.3335,0,2.0,4,56.665,Fair
West Midnapore,0.3587777777777778,0.4323837351756475,0,2190.0,9,61.379599055841695,Fair
West Nimar,0.3546666666666667,0.4212344952636239,0,760.0,9,61.549631808757944,Fair
West Siang,0.14533333333333334,0.1807076368059745,0,192.0,9,60.3921042291541,Fair
West Sikkim,0.45744444444444443,0.4042156327726301,0,501.0,9,66.17130879459887,Fair
West Singhbhum,0.3993333333333333,0.39718068935938966,0,6848.0,9,64.05791265255165,Fair
West Tripura,0.33166666666666667,0.35640671991420136,0,2802.0,9,62.574465069240624,Fair
Wokha,0.44033333333333335,0.43180609073981346,0,558.0,9,64.65915061113894,Fair
Y. S. R,0.14255555555555555,0.17894420297337876,0,823.0,9,60.33389613302085,Fair
Yadadri.,0.17955555555555558,0.23204962352431813,0,1586.0,9,60.220733516492686,Fair
Yadgir,0.33411111111111114,0.35618070246780287,0,6947.0,18,62.679023370410356,Fair
Yamuna Nagar,0.25755555555555554,0.30968213990764426,0,3396.0,9,61.01175802499289,Fair
Yamunanagar,0.337125,0.36756979414993907,0,59.0,8,62.45790617550182,Fair
Yanam,0.582125,0.33626538732716116,0,33.0,8,73.19703838018516,Good
Yavatmal,0.48777777777777775,0.3962056845180852,4,7594.0,9,54.291607242235216,Fair
Zunheboto,0.3867777777777778,0.4204499904203168,0,761.0,9,62.85761139850161,Fair
