cis_mean,adult_child_ratio,enrol_mean,enrol_volatility,child_enrol_mean,momentum,coverage_gap,update_lag,num_pincodes,enrol_per_day,child_proportion,zero_cis_flag,negative_momentum_flag,relative_to_state,district,state,risk_probability
0.31902148846926137,0.0010426617242956127,0.04264791135654377,0.001109661464038254,0.062490088200720495,0.002289059868617187,-0.0006165520569265937,-0.0037292357878686744,0.029298466720083526,0.07818355707531283,0.037161424273863305,0.004461401920998469,-0.00047421439849131274,0.025322700361125498,Bicholim,Goa,0.9940652009725939
0.4472579769090953,0.0018394965244078775,-0.006062714941544982,0.021266861237709236,-0.0072814638634372385,0.006057233692154114,0.00010692629210097948,0.01480874412931371,0.0007792785826677573,0.06074246510415833,0.0012938126045628452,-1.1927888263016939e-05,0.0001975120721908752,0.03932413597893174,Dausa,Rajasthan,0.9761751181232765
-0.28016127965427584,-0.0006708885615807958,0.0036223491316195577,-0.008740058554940333,-0.0004075729147371021,-0.00481848372008244,-0.0018328272351936902,-0.0031251506497574156,-0.0038561806096549843,-0.06358605153560347,-0.009470967822817328,-7.571048801764846e-05,-0.00014315524473204277,0.01098726845040801,Nalbari,Assam,0.033578060272081746
-0.29121860202099925,-0.0021941398688795745,-0.013238666137986,0.007748250842396374,-0.004718909284383699,-0.006881361398154695,0.0008869209539261646,0.008236280565124616,-0.007040777822658129,0.017800153117877925,-0.004206850072896486,-4.532854771241546e-05,-0.0006726261776930187,-0.0007007678138825213,Ujjain,Madhya Pradesh,0.09961034450968066
0.4559438698893791,0.002033863391770865,0.006385752479327493,0.014079926793910999,0.0034068411380303587,0.004240798759037716,-0.00039645835880946833,0.005975600141064206,7.437979003952932e-05,0.048865824997483286,-0.0008462174744272488,-1.3100116048008203e-05,0.0002061180747114122,0.04639404337024189,Simdega,Jharkhand,0.9822080244651386
0.44726051298253877,0.00036404885882802775,0.006284167993653682,0.014554301383122947,0.006840674484401461,0.0017993020201720355,-0.00010175385941693093,0.009225582651451987,-0.0025357604366581655,0.06100572273604485,-0.002296831287021632,-1.1258057784289121e-05,0.0001898551409249194,0.04885941942096906,Haveri,Karnataka,0.9872947663179257
-0.2780208979732197,-0.0008915011827048147,-0.0011739050418691477,-0.011912353056031862,-0.005225530365896703,0.004026417918230436,-0.003099769995751558,-0.013524174902704545,-0.009881896547303768,0.015617497229577566,-0.010173090881180543,-7.753853918984532e-05,0.003767939987774298,-0.06449547858472215,Medchalâˆ’malkajgiri,Telangana,0.020792487321777756
0.4430912476593949,0.0003202578844502568,0.0046461905894830124,0.012111601727756351,0.0065353167507055335,0.005043833413092216,0.00030687528025737267,0.007184638132785039,-0.002365878857126518,0.06551545435962908,-0.0014109165989793838,-1.1258057784289121e-05,0.00021663569117663428,0.05524723983986405,Chamrajanagar,Karnataka,0.9922880203444167
0.3091188706916364,-0.002506002217087371,0.04272814158211986,0.0017888532819824831,0.061943549843072106,0.0020364962467101576,-0.0009552432348937145,-0.0020632581910103908,0.03021262752745315,0.07760219283306924,0.03699523480484459,0.004461401920998469,-0.00047838106540439186,0.03732393639924794,East midnapore,West Bengal,0.9940652009725939
0.4049724539884483,0.0001407363510588766,0.00809460103831043,-0.024686471784771128,0.0007663027192756999,-0.0024004079950282176,0.002688885833376844,0.0008285440587860648,-0.002087496802014357,-0.10214242469050078,-0.0002525100653656409,-5.259291036054492e-05,-4.511575243668631e-06,0.024005538140700083,Durg,Chhattisgarh,0.7057274267003902
-0.25287397123887784,8.328615858772536e-05,-0.0107497302115371,-0.015609245441264647,-0.012474360871347017,-0.0009767915385600645,0.0015346269415567803,-0.00010084990924951853,-0.004073417240688286,-0.0637649104995944,-0.006408341339956678,-8.215669076889753e-05,-3.44887229584856e-05,-0.030326422075236222,Varanasi,Uttar Pradesh,0.0
0.45433546097992805,0.0005311882084060926,0.01223119583351945,7.531846937126829e-05,0.007712007218333383,0.004264882352417771,-9.852984167082468e-05,0.005969684260890062,-0.002626329538943537,0.06141752376392105,0.0014588779662699381,-8.93344869837165e-06,0.00024474773796100634,0.03272478871288058,Budgam,Jammu and Kashmir,0.9740886642574383
0.438339149999083,0.002338096456005587,-0.009222812982770848,0.02499748757116322,-0.006891872945234354,0.0033637557086694868,0.004780119062161248,0.015021078468325868,0.0014339676309100468,0.06006875984989165,0.0014466323837041273,-1.4597338158637284e-05,0.0001757159830594901,0.040476211294371754,Pratapgarh,Rajasthan,0.9721684729636848
0.4467622066740296,0.004670762341593217,0.01045715280179138,0.012551003426760871,0.008749922402384981,0.0029715953942286433,-0.0008428102865400433,0.0021907188767727346,0.001589761305203865,0.055095092615429164,0.007254628159171261,-1.1258057784289121e-05,0.00021669250389095396,0.0017115920002015628,Ukhrul,Manipur,0.9492238411808838
0.4246784238723922,-0.00022605913087318186,-0.0029240637316252107,0.021323775729324552,-0.0014334976248301246,0.0047477714914566605,0.0033208477393054637,0.002838817007614125,0.00373632996208471,0.044611582487304985,0.00530003487925569,-1.1930579785257577e-05,0.00015921757025353145,0.005630248200386632,Medak,Andhra Pradesh,0.9076082787110584
0.4086742549272458,0.0027100670584513866,-0.012657229218930297,0.02551460359894918,-0.016550802648998796,0.004375811667032394,0.003619026152355218,0.01644800684593065,0.011433456122049393,0.02585834007042649,0.016560073258333433,-2.320141764357686e-05,0.00019060774095123635,0.027857197467387778,Murshidabad,West Bengal,0.9098669916657278
0.4161546116443787,-0.000500729372324713,0.003190234282810707,0.013095248850549978,0.0018992912220710423,0.004345705393643584,-0.0019602790649150847,0.0022975592146030977,-0.0038076709570668754,-0.015264739133526746,-0.0020983904270178754,-1.6956138424575328e-05,-0.0037442633088721777,0.04367035595814741,Howrah,West Bengal,0.8531167579580462
0.44803736467150884,-0.0013575162291817834,0.009439168548196904,0.015149100725466269,0.007926234936148831,0.0086695736650654,0.0008435939120863623,0.007264995859659393,-0.0009627674218791072,0.06453947941294245,-0.0020386231155680432,-9.846016764640808e-06,0.0003212482389062643,0.037885301694986995,Sindhudurg,Maharashtra,0.9915640915656445
-0.2640397465310889,-0.0010945454155444167,-0.011439852381445235,-0.010695996312861097,-0.00976200437751686,-0.002906790927554539,0.00069902078665109,0.0012289918829446833,-0.003946732282129233,-0.0823133349732052,-0.006925953697882506,-7.514315890148281e-05,-0.0007671011974161957,0.007880895412672544,Chittorgarh,Rajasthan,0.011698477216779968
-0.2550740409032551,-0.0003206206570757786,-0.009117230012379877,-0.011080602634938258,-0.013075010418360762,-0.0038271277597414157,0.0029175577824935317,-0.0042091421949135115,-0.0045813535501656585,-0.06514295022154329,0.001045510650947108,-7.619946030899882e-05,-0.0001230685862537939,-0.02473553434634596,Tinsukia,Assam,0.008456960421489398
0.3068960685941056,-0.010883962481511845,0.041595155716713635,0.0010103875243703442,0.0613023284080009,0.0016485487523641496,0.0019490498393861344,-0.0023789660239344813,0.02781657043045925,0.0758700183981955,0.03775361448088915,0.0056718781311064954,-0.00047838106540439186,0.03538465129550332,Akhera,Haryana,0.9790137421961616
-0.2613491679450726,-0.0005373270896961912,-0.0042695719145558544,-0.011550471939171985,-0.005307115036575851,-0.005535622041579699,-0.0014487839787761913,-0.003079940269090002,-0.00018395777438854567,-0.05587696702501489,-0.006972046190767287,-8.056950755417347e-05,-0.0001630904995545279,-0.03564126945359021,Sukma,Chhattisgarh,0.003860870855675971
0.44515108699888517,0.002583190947334515,0.011761482514411909,0.017381640853418503,0.007594655260045329,0.00010056037059257506,-0.00033845370602648473,0.006786650940266554,-0.0026467169258830837,0.05985166230413597,-0.0016851012942788656,-8.93344869837165e-06,0.00020403925620485097,0.04274645033576689,Gajapati,Odisha,0.9853389952745328
-0.24836720831362982,7.947073319883202e-05,-0.013344572072019218,-0.014170327030224144,-0.0131939444532145,-0.0036895111397461733,0.006848692772236973,0.022210796831859624,0.011193437919191638,-0.0636070943784216,-0.005411131404971456,-7.203279295936227e-05,-0.0005503140871587675,-0.018144060242107116,Bengaluru,Karnataka,0.05563897540519834
-0.2538449259189474,-1.8695301569096046e-05,-0.010670785143374814,-0.012276622302169925,-0.010920940824216813,-0.000973807880327513,-0.0013596688390953204,-0.006743312951793996,-0.0058080577791588435,-0.05733914665035627,-0.006302760041635338,-8.509425446391105e-05,-4.4520906230900435e-05,-0.02946843358120532,Maharajganj,Uttar Pradesh,0.0
-0.2549461849536601,-7.4691811169032e-05,-0.01181678493045183,-0.012587448164958914,-0.011097271290527715,-0.0005146095139207319,-0.0013439663134522562,0.0003362835879670456,-0.0058380127096643265,-0.06426480210677255,-0.004213558988121804,-8.005367126315833e-05,-5.210496747167781e-05,-0.026160231519843365,Gopalganj,Bihar,0.0032033351264120504
-0.26217726139017034,-0.0002700622628253768,-0.01091458152175619,-0.01452080914285034,-0.012340830546490907,-0.0012853580275259445,-0.0011849436331067408,-0.0010214554408958065,-0.006565712810279365,-0.0710514325575059,-0.006617218470564694,-7.172033889219165e-05,-0.0005686840030830353,-0.0022667013901445897,Vidisha,Madhya Pradesh,0.005
-0.28653550135713884,-0.0015770995048296755,0.007357533379545203,0.006187019167900871,0.003099323929855018,-0.0023483267787014483,0.010300860111656221,-0.010329855633535771,-0.009340939368285036,0.02873267012226279,-0.0018905424291006056,-3.765707369893789e-05,-0.0006781028476689244,-0.034739806357720227,South Andaman,Andaman and Nicobar Islands,0.10405634325771135
-0.25599862631419457,0.0007868788131963811,-0.0096521430971643,-0.016699478282789643,-0.011167186823840894,-0.0001692131732852431,0.002014162826417305,0.0037017943082173588,-0.0022852362373305367,-0.0691465210788374,-0.007845783408693024,-8.215669076889753e-05,-8.39718021597946e-05,-0.02922929147349805,Solapur,Maharashtra,0.0
-0.2736508947258335,-0.001669602206457057,0.00547880997917673,-0.010937625392398332,-0.004584122429805575,0.03964499100016838,-0.006489947401314566,-0.01613621433823937,-0.012776125734053494,0.02109279993332166,-0.005096558929180901,-7.09837512113154e-05,0.0019630932907239184,-0.05739099613474537,Garhwal,Uttarakhand,0.0752333915624083
-0.2760133119485545,0.0014074301728760473,0.009744020282432757,-0.011233045923690952,-0.00397302480716462,-0.0051888761061854895,-0.006918984426665702,-0.013443311753053421,-0.012459220169002947,0.015639079943975957,-0.005218204308148415,-6.891690427437424e-05,0.002585698573529953,-0.0582068870330113,Bhabua,Bihar,0.032509214829448616
-0.23724027514952467,-7.70830585679505e-06,0.05343908684761118,0.0005683088249315915,0.10212899554670002,-0.003856645410069177,-0.0013798054218750622,-0.003305672628857792,0.04647677371853206,0.051571999065326966,0.06379878813775576,-2.2930982522666456e-05,-0.0016315589945588727,0.005151848502973735,Tseminyu,Nagaland,0.4715479713495381
-0.2423703799782743,-0.00010855121243366739,0.06622541917984563,0.002746462065160813,0.08053990042804798,-0.0022769286517086585,-0.005064206294646283,-0.009718259086557737,0.06099188932998004,0.046802495962801914,0.02175986811365874,-2.6531671173870564e-05,-0.0018752808320277837,-0.023806265360690304,Najafgarh,Delhi,0.3896764015958473
-0.2227299490134101,0.002956432010523713,0.07352943958243487,-0.000932864972637617,0.0902318984980957,0.049018036712404865,-0.004636449656095465,-0.00769047308739573,0.06273765270394506,0.053003828438395434,0.03635988730504323,-5.645371973514557e-05,0.02334148027250194,-0.040575232709143164,Yanam,Puducherry,0.5104140005589727
-0.2855154487116306,-0.003142882349238789,0.0067145971611535064,-0.010159440971128787,-0.0014984000288677634,-0.001839088731794618,-0.002791722216352355,-0.014527920732562052,-0.010627893555338233,0.028005264709463518,0.02834027469805733,-4.001520341262221e-05,-0.0011296084862260614,-0.013637554082488351,Pandhurna,Madhya Pradesh,0.11400692874460784
-0.3020569766225526,-0.0020512972840515432,-0.0012524430900521112,-0.008605338904835662,-0.004803659737481212,-0.0024586701291809732,-0.0020040081005208775,-0.009937528106893296,-0.006906945792288752,0.032374850626547415,-0.004596752820361871,-4.122040700167417e-05,-0.0008230211278714705,0.015661703671576106,Bid,Maharashtra,0.0983554607723342
0.4395692154970675,-0.0006803035746634123,0.004522093027699157,0.0161707562889751,0.005591614203849531,0.005476130617153103,0.00026358071638242107,0.011248145652425592,-0.0003520924188887875,0.06390623928742571,-0.002297406791331014,-1.1258057784289121e-05,0.0002057467304985039,0.05682355371587619,Ramanagar,Karnataka,0.996292796866202
-0.2873748009217161,-0.004750883141487066,-0.006482280722084397,-0.003317226492417831,-0.00975611419168672,-0.003251201650909934,-0.0051955041704422915,-0.01327856221303591,-0.0017759876184209134,0.02034532777707682,-0.007830725376261399,-3.248838009312749e-05,-0.0009731362348247785,0.006797122583998316,Sahibganj,Jharkhand,0.07898030650406862
0.4380176561832559,-0.007129920721490634,-0.006210128569218796,0.023993173878043308,-0.00886733922881831,0.005517072919374187,0.005206980044149532,0.01389544433921401,0.010451393060666305,0.0514201124543979,0.011238528145295277,-1.1103192809969186e-05,0.00020594371475453953,0.037407510915218156,Belgaum,Karnataka,0.9709921048713689
-0.26136880089930853,-0.0015583927095212857,-0.0022585580055601894,0.01743676812035119,-0.0061367002497718206,-0.0036547984971548432,-0.0031684409267018054,-0.006508131599657645,-0.003437093991242364,-0.05396829038996657,-0.008683726354556711,-5.31788298394531e-05,-0.0006721593030670193,-0.034961059733414006,New Delhi,Delhi,0.026864207181398463
-0.2532170688745828,-0.0001641069765901193,-0.009224201599372463,-0.013071109975899163,-0.011740032579418767,-0.0025270287946841563,-0.0012366225634104922,-0.0002459991850810184,-0.00484921796263734,-0.06370384263740561,-0.005793874281735043,-8.184423670172692e-05,-5.210496747167781e-05,-0.02994971805059322,Moradabad,Uttar Pradesh,0.0
0.4399330284667667,-0.00392431470372685,0.009964525171963032,0.007681183884324127,0.006869667928522176,-0.026250471848543386,-0.002410251590627013,0.0006524584243015852,-0.0005260940064545139,0.05030703422708029,2.5075000994547736e-05,-1.1258057784289121e-05,0.00015783268398081418,0.031559969573468155,Dakshin Bastar Dantewada,Chhattisgarh,0.9098851648310717
0.4513839508965248,0.001932924036646,0.007303837589824979,0.020993015073654534,0.005398892791281469,0.005625911147762963,0.0022125121706267235,0.01058272022080928,-0.002248688648505777,0.05456503622161108,-0.0019044834763917607,-8.93344869837165e-06,0.00022083421150455253,0.04808568953544182,Balod,Chhattisgarh,1.0
-0.2591250234262043,0.0005210653897847805,-0.013243995710226955,-0.021257672841111342,-0.015859690701508954,-0.00992001372973391,0.0010039230742358996,0.002250136678085255,-0.005325236452426907,-0.07431488976888431,-0.005565043405185861,-7.48307048343122e-05,-0.0006368177488911896,0.006885173618934459,Jabalpur,Madhya Pradesh,0.0011938555593821606
-0.25796432083436227,-0.0032360121486453863,0.008796791865752312,0.012917804229673494,0.0035523573897171448,-0.0034887883459123257,-0.003936443272068573,0.0064392489704550825,-0.011352701122577856,0.03692782589978379,-0.0068594023671539614,-3.835421986877918e-05,-0.0008504764112876728,0.004824713933962812,Mansa,Punjab,0.18158901156399312
-0.24716558591590002,-0.0027646310684940546,-0.010423328151646274,0.02352810429184501,-0.009776727213029517,-0.0007977554414537735,0.010287954971972794,-0.0096333593068357,-0.005591536188048849,-0.045597458404736245,-0.01051381834786298,-6.473387591540814e-05,-0.0004087039074147469,-0.03946795421703428,Coochbehar,West Bengal,0.047467239791387277
-0.2756352842027991,-0.0021337780012981966,0.0015310522555955686,0.005877777329769743,-0.004401525754474278,-0.004483014831857872,-0.003443040075562749,-0.007492969439408625,0.0127042199819698,-0.07427023701497092,-0.01344083323081577,-5.31788298394531e-05,-0.0011212024466658477,-0.0010973467787516711,Wokha,Nagaland,0.028397407910455096
-0.2788254836113265,0.000708285587024875,-0.004016681888897438,0.009981075827854511,-0.008588981387620152,-0.010885878244516789,0.0064906387222436026,-0.002811818702139135,-0.0015767048259294825,0.012777040410628614,-0.0041197659503359315,-4.5518018305301665e-05,-0.0006186090255505405,0.0023468760229297912,Purba Bardhaman,West Bengal,0.11667124287563821
0.45375208757548535,0.0016013506622402929,0.01261386885184038,0.014964683077887458,0.009101507006862448,0.005363598384683428,0.001405440485723375,0.006403998208443226,-0.002853561040574277,0.06067834090192264,-0.0006362617488775868,-8.93344869837165e-06,0.0002200173249002546,0.04153708216332234,Thoubal,Manipur,1.0
0.44243299640926126,0.0004555538453860208,-0.006182557477804948,0.02798903669401625,-0.005838166626817838,0.005090045348624699,0.00766864508841536,0.015972541007795372,0.005347854394676688,0.05000576764581638,0.010625454666987935,-1.342780189588666e-05,0.00017221508678630926,0.04054155764619281,Mahabubnagar,Telangana,0.9901242980233104
0.44855890756796724,0.0007211663858470274,-0.006677271730914072,0.024337137297879962,-0.00530785086684773,0.006671054631078732,0.0033356662483129186,0.01381610605525566,0.0018015679698874009,0.06235288332067285,0.0014879024833498989,-1.1930579785257577e-05,0.00019272116376669145,0.04346115908883803,Dharwad,Karnataka,0.99059600051258
-0.2518987244738128,-0.00010477650397660909,-0.010345763338127653,-0.008637542315009341,-0.010538108714281407,-0.0008918176065526495,-0.0005236092035374896,0.01054412744460933,0.011832281255610724,-0.0667362845360185,-0.006113269439729265,-7.680982584133744e-05,-0.0005666333397675771,-0.023169203931502125,Malappuram,Kerala,0.038630637764649124
-0.25402265074244496,-0.00022389474179362878,-0.009383826748926367,-0.01196659397239273,-0.01149581435322034,-0.00532662174109646,-0.0017540668605397513,-0.00166979849080235,-0.006720817741634164,-0.060121505229108155,-0.0060121090038956024,-7.588700624182821e-05,-0.00017710496467771009,-0.02569270888212486,Katni,Madhya Pradesh,0.001213372150723201
-0.26966693165482863,-0.00031578803605953,-0.012728004283417249,-0.014352613829014444,-0.013196736151330697,-0.0022685803502645284,-0.001867711477152625,-0.00014685168396681548,-0.006016992405857308,-0.07177880019069562,-0.004366641338674526,-7.356239715591074e-05,-0.0005250825473922305,0.005727388182140203,Lakhisarai,Bihar,0.004279862009486848
0.42870326255653707,0.001064335931587266,-0.006030096484428213,0.02572115131217288,-0.008933223288186127,0.006892931082493305,0.0059818584681306675,0.02078511199928471,0.0011037681303423597,0.04785665310735567,0.007636471526129753,-1.676707761362195e-05,0.00021167283644899727,0.04043899399354814,Allahabad,Uttar Pradesh,0.9672729055139677
-0.25479992929307627,0.0002200650757367839,-0.011990914210500705,-0.01325344536537159,-0.011637195023595268,-0.002250349837158865,-0.0004691090336200432,0.0019682727159670323,-0.0049517442821888835,-0.0669482080652233,-0.005636165024143338,-8.036612533032894e-05,-5.210496747167781e-05,-0.02597557948591657,Bareilly,Uttar Pradesh,0.0
-0.26267756437784556,0.00022379487058060476,-0.015728103746359922,-0.01819704828889371,-0.01782562481084824,-0.0014694977391627618,0.002115855686915893,0.015417188523279036,0.000870363263256877,-0.07433577962585332,-0.004513722810879699,-7.203279295936227e-05,-0.0006286332554009277,0.0010827104324880566,Nashik,Maharashtra,0.02011867578190366
-0.2811260100849904,0.0024725140954251403,-0.0021741440365258312,-0.008711221755147562,-0.003768383626374998,-0.0036005637414564264,-0.0015940758202305006,-0.003608426204373245,0.0009863672211577069,-0.026297837525744397,-0.01390317226658226,-7.123136660084129e-05,-0.0009249837341485545,0.022779094301117766,South Salmara Mankachar,Assam,0.07631469464043741
-0.2921480751992749,0.0020999781740101754,0.002449662552153313,0.0031557418601551035,-0.005494229579326202,-0.003220668500107422,-0.003455570601436193,-0.020178758975216624,-0.009618276827723093,0.027519165069970767,-0.006378402025511605,-4.154904512688518e-05,-0.0009912122473906492,-0.011517168204245537,Chamrajnagar,Karnataka,0.07803740439847706
-0.3061663920318097,-0.0010776868688844843,0.0007197291916236281,0.010575514047650359,-0.001989862347854796,-0.0051354774797255235,-0.001657977808972646,0.003921963656357548,-0.005620238519604755,0.013532647935244313,-0.0067244328695596775,-4.484549630433321e-05,-0.0007162571274966467,0.022138147409559678,Garhwa,Jharkhand,0.11761159987787184
-0.2625547996184832,0.013813802024324105,0.0060520336150148065,-0.01587283999666397,-0.005640386622053484,-0.016506873750386147,-0.0014398744677782814,0.0031528615474235265,-0.005992542984968168,-0.05327441372468456,0.010022559472126887,-7.262405008077621e-05,-0.0007789869607950095,0.010505917813388806,Osmanabad,Maharashtra,0.07727060331689926
-0.23551549650250309,-0.006416502346155539,0.005644721571243281,0.024675976536400412,-0.0010804083494076622,0.019065052227524575,0.01718603667019124,-0.0007837326287517499,0.03999733709180873,-0.05348065849335398,-0.010114701986130967,-5.292310495860875e-05,0.021654437421711917,-0.03801148015922081,Kanchipuram,Tamil Nadu,0.1786244296988128
-0.2617136475843654,0.0021608497091801836,-0.017333749934095977,0.030932350514376594,-0.003840421221593715,-0.007073888415980036,-0.003844477260772692,0.007572235682837345,-0.00728356724479454,-0.04628219252033887,0.025352958474941262,-5.275023286230862e-05,-0.0005962698231451214,0.01882721210647105,Kushinagar,Uttar Pradesh,0.13268141180935478
-0.2640786247133292,-0.0008928938891403959,-0.014935853457755001,-0.01373779547831873,-0.01126727615530399,-0.0035312588398664956,-0.0023308033225657708,-0.0007539330307918135,-0.006189790498156072,-0.07521968872602884,-0.0062522498704129245,-7.48307048343122e-05,-0.0006922378088347614,0.006815924781076319,Tonk,Rajasthan,0.0027154582763337896
0.38838543159305117,-0.0011996110349718947,-0.005066779441658582,-0.0007895501298480667,0.00017772557246644282,0.0028366070181073157,-0.0010151403253621538,-0.0029962965561389863,-0.0037239148809749168,-0.08733187616864597,-0.006414685962008662,-5.3524835966527465e-05,7.217030099127442e-05,-0.04773813980511477,Bhadradri Kothagudem,Telangana,0.6309991970336679
-0.2531796697225582,-0.0003892110614106059,-0.008522531919516041,-0.013964414605834464,-0.010520717224371765,-0.005458446319480572,-0.0006021612862787151,-0.0005052593175787479,-0.005649760579899521,-0.06101889177600242,-0.006005501189047208,-8.215669076889753e-05,-4.4726629566866906e-05,-0.029913324143130922,Fatehpur,Uttar Pradesh,0.0
0.4398614715556141,0.00038972950576862783,-0.006468304718837316,0.02743606312207703,-0.008305788189427404,0.007351474631377641,0.006039857136747742,0.021327642546348214,0.009495111598680524,0.05870927024714547,0.0007058572009918862,-1.342780189588666e-05,0.00017911435585119762,0.03408184493688168,Tiruvallur,Tamil Nadu,0.9866466979664004
-0.25365782605815185,8.579139783250867e-05,-0.009172441382070247,-0.016637820163487048,-0.012747520246412023,-0.005284335516498686,0.0031787343105315813,-0.0008099117719757487,-0.002618765915676704,-0.06018401829147479,-0.005485691984604273,-8.215669076889753e-05,-1.989330499782227e-05,-0.02991090673560393,Anand,Gujarat,0.0025100098568794126
-0.2510988112073392,-0.0001809321563632693,-0.00937311443620274,-0.012716800480848178,-0.012763325871928828,-0.004336916899501375,-0.0013451572591475268,-0.00046490852986607933,-0.005762814852787414,-0.06039397099608323,-0.006393003793873504,-8.184423670172692e-05,-5.210496747167781e-05,-0.029474196466526336,Mainpuri,Uttar Pradesh,0.0014188706218727664
-0.2557082491586516,0.00014031581369636115,-0.01084731874820136,-0.014594028574574622,-0.010481112522029434,-0.002589486643937562,0.002838840256808908,-0.002172706445962831,-0.0040905282487619845,-0.06152531116184037,0.009878211321210983,-7.995003601536154e-05,-7.968467674800195e-05,-0.028369080223110358,Kamrup Metro,Assam,0.018176683641486134
0.3216231909455746,0.0006019044098320591,0.044190141363324074,-0.00044508839611353326,0.06413951847076532,0.001881099359216023,-0.0010325726823066362,-0.004071951473561057,0.03161233258537322,0.08034344096034601,0.038013023049852566,0.0,-0.00044088106260460337,0.022784834675680942,Nicobars,Andaman and Nicobar Islands,0.9910161028476356
0.4105351962714121,0.00227025657237391,0.011668771843505964,0.003884899071963446,0.004580618393756595,0.0025672564720844093,-0.0001934092049668834,-0.022036453244600126,-0.0038221808251364562,0.07284991874416846,-0.000879700131372374,-1.2051700614392758e-05,0.00014265120626077987,0.0478027290045975,Jhunjhunu,Rajasthan,0.9252152824601345
0.3160035935959968,-0.0033260015086852947,0.042238458169413205,-0.0015809912255235758,0.059046418989019,-0.0023293351353459004,-0.013248352150039864,-0.004396598884341074,0.02717596152708211,0.07722958177582313,0.037086081923634995,-1.394765917211771e-05,-0.0005458954549249029,0.01621272898701136,Tiruvarur,Tamil Nadu,0.9413688120865092
0.4513912031114887,0.000474916618768475,0.017007587816624436,0.006182928813041144,0.011120913072236362,0.0036793581114307017,-0.0006747305687440531,-0.002670240931620356,0.009911164250752336,0.05966385586088108,0.00163158339821166,-3.067606594413519e-06,8.032342870137655e-05,0.030056439324257552,West,Sikkim,0.9837090164772287
0.4338960105750448,0.0009183607357408619,0.004170723621209618,0.015273399754059938,0.002993006194519694,0.0025360847837328036,-0.005367151769896736,0.005114441080149845,0.0011570861994186997,0.042501089999059334,0.0012890678021358327,-1.3100116048008203e-05,0.00022221928113140167,0.05305123101488789,Sheikhpura,Bihar,0.9535992491607996
-0.2742134084008649,-0.003195344074447348,-0.020720644171924506,0.008644734816243727,-0.013125104900664155,-0.008887504020913184,-0.0013243664816764067,0.00336930883653622,-0.0133424601175102,0.006286441154115891,-0.0012987412070651772,-4.573032027110458e-05,-0.0006466330437979195,-0.0073261211482895305,Tikamgarh,Madhya Pradesh,0.07003119396818916
-0.25593755224141207,7.64129706294625e-05,-0.01094533105231676,-0.011537776575969473,-0.011780132056810545,-0.0008977924899591016,-0.0012948131554185239,-0.001416996545449365,-0.006610328904080234,-0.058595817364075625,-0.006291909559768101,-8.184423670172692e-05,-5.364685635868227e-05,-0.030489244467571553,Alirajpur,Madhya Pradesh,0.0
-0.2590131479424235,-0.0010618888209137367,-0.010802460212771621,-0.020225761665715256,-0.013403767802501534,-0.008736415652037977,0.0018222888151831285,0.0007338712575983663,-0.006987756572025319,-0.06826512548259416,-0.005068351961081134,-7.172033889219165e-05,-0.0005573700316017494,-0.0018677204221785359,West Singhbhum,Jharkhand,0.002351444950716335
0.4429530352726215,0.002236436702696665,-0.003809018168212788,0.02595250855614722,-0.0038349522244607217,0.0059527466409417685,-0.0005968285603557888,0.014277946892889304,-0.0018436618132545845,0.04984282270037511,0.012385450729889272,-1.3100116048008203e-05,0.0002228474000003189,0.05140498121815654,Sonbhadra,Uttar Pradesh,0.9909879971347213
-0.26741560963855593,-0.0022194374286482344,-0.007210356141022203,0.004643762118867016,-0.00736613545443106,-0.0036530019895326406,0.0008637158526835265,-0.0017164062054780516,-0.010193289139097032,-0.013442142944477382,-0.006846898805852106,-5.067883059382439e-05,-0.0007218356856174068,-0.0328010850867031,Jaisalmer,Rajasthan,0.04772737083540128
-0.3052695251913974,-0.007812954812870886,-0.001050284665216168,0.004734443472116255,-0.004415256473721456,-0.0038962009131137164,0.007652561684444663,-0.005913824092021969,0.0018594787792972057,0.026985529580797446,-0.006948939712510764,-4.1591397020965815e-05,-0.0006518354848958552,0.020474291422642635,Bardhaman,West Bengal,0.12156265908195421
-0.26242480792920103,0.0003866860063862987,0.005911970101005863,-0.005073534637504053,-0.003305541993941006,-0.004579723291790287,-0.000998061798600247,-0.008025292189850007,0.014774741738292504,-0.05787465019417141,-0.005874938023407594,-8.117987541481852e-05,-0.001132143191207433,-0.03287071559981996,West Sikkim,Sikkim,0.034689580788169715
-0.2769801305521105,-0.0004550790021312423,-0.0011686553548497613,-0.008050369807060634,-0.002428450367078767,-0.004485044689645292,0.0015789253667389857,-0.0026775978565274274,-0.004181920508781332,-0.07456657965507475,-0.007149750896423938,-7.15438206680119e-05,-0.0007409634279611054,0.008923484762308363,Prayagraj,Uttar Pradesh,0.023403093407984413
-0.30761332539477737,-0.003318837328661175,-0.0035668960970360788,-0.0071268822296224246,-0.005927525715451338,-0.0032280533151788403,-0.003332878079127113,-0.018482314454886364,-0.009755984667808661,0.028332742270322342,-0.007677094679420407,-4.122040700167417e-05,-0.0009421565382217523,0.015587182671079064,Mauganj,Madhya Pradesh,0.06876352385711493
0.3938622079745619,0.002891170181828784,0.00771233414827293,0.015179761609251727,0.005529159036195779,0.00347284524479619,0.0005969833380004275,0.001469835850657546,-0.004845207880716771,0.009651481203000002,-0.0044904228763334685,-1.3100116048008203e-05,3.4903782943729314e-05,0.05485406021252857,Hooghly,West Bengal,0.8817627919297211
-0.2540009549173374,5.652219018884353e-05,-0.009797774909093277,-0.011472637919132467,-0.010871054889339576,-0.0010873419177733013,-0.0005182023728411878,-0.006601336411285956,-0.005000982082965493,-0.06107285569743908,-0.0065890698130351665,-8.509425446391105e-05,-5.189924413571134e-05,-0.028764090163117543,Barpeta,Assam,0.0
0.4306345213084387,0.0017271543901370024,0.01801106036946294,0.006362820504300544,0.009992965776573328,0.006281827074426474,-0.0023247589681977842,-0.008867734336454304,0.013541565328832803,0.0629290700151887,0.00262243016375578,-7.636186201125383e-06,4.939619495416991e-05,0.02685699228447447,Nicobar,Andaman and Nicobar Islands,0.963666454243926
-0.2584321190967603,0.0007916425370422075,-0.0018279643085043062,0.01816479365246778,-0.010751135219488788,-0.002763820004365698,0.00688312621346995,0.009447753392360028,0.021516902232106075,0.03500918677833397,0.00720350273168151,-3.622744930908084e-05,-0.0006331454496830702,0.01660875936733646,Bangalore,Karnataka,0.23703802457470624
-0.2533506431782371,-8.138592886098195e-05,-0.011174229813714192,-0.010948329211223608,-0.012358451029176648,0.00046310235093187656,-0.0014136626794243057,0.000659038098219753,-0.005572165495377704,-0.06103091394827061,-0.007052001108486365,-8.184423670172692e-05,-5.726285045966506e-05,-0.03114256528126134,Barwani,Madhya Pradesh,0.0027154582763337896
0.310418089046907,0.0007376432643468433,0.043935023688500226,0.0004839268736441227,0.06275040633090612,0.0024705125407308514,0.00022808516718214378,-0.0021616635804457473,0.030044955155699427,0.07996738023902708,0.03798883792572269,0.0,-0.00043400935988756827,0.037714030638730946,Bagpat,Uttar Pradesh,1.0
-0.25861098100394886,-8.646155289170566e-05,-0.011442299548061783,-0.012842125665210915,-0.012824599608829885,-0.0030137180926976728,-0.0009411632341107179,0.008129392364844534,-0.004555609525614273,-0.07576775298162829,-0.006065315314262989,-7.588700624182821e-05,-0.00016868400940438732,-0.006337417507274949,Hardoi,Uttar Pradesh,0.011254148651095112
0.4384484419267028,-0.004898948694535648,0.007117435471445788,0.00826614170985522,0.0017763484111947036,-0.018579964744931204,3.349673130287556e-05,0.0024834747462637095,0.002143020077965048,0.04964092930922561,-0.0018643814456663675,-1.1258057784289121e-05,0.00010840715338417795,0.0328278773061993,Dantewada,Chhattisgarh,0.9133477990934307
0.30827696658448983,0.0008926664306636667,0.03924698558876116,0.0005974803431354303,0.05755614447161861,-0.00041037548153326496,-0.011995498806245451,-0.004413793167732365,0.026230098071191605,0.07508438274656783,0.036489970095271926,0.004461401920998469,-0.0005417287880118238,0.03673372005285728,Naihati Anandabazar,West Bengal,0.9640652009725938
-0.2626238420215668,-0.0005529070223565213,-0.012748054617622984,-0.01519303556302475,-0.012600201176683186,-0.0017125324968947097,-0.001491065362988593,-0.0009389531794840877,-0.00678954162480295,-0.06687763943367826,-0.005685926218793611,-7.588700624182821e-05,-0.00016868400940438732,-0.0033985019160172668,Amroha,Uttar Pradesh,0.005
-0.2835636534160585,-0.0004696882083590026,-0.011389482563517959,0.014834677688677403,-0.0019440078314983112,-0.0006069945377930707,-0.0020552609062906412,-3.961087284551468e-05,-0.007220314382211654,-0.017560365595272742,0.020439146060089116,-5.286818719469011e-05,-0.0007091641022998374,0.01634535130331642,Godda,Jharkhand,0.12186453239310517
-0.2621031355534069,-0.0005234396279593056,-0.013231036887555092,-0.018834451307266135,-0.01585899809460898,-0.002968237861368834,-0.0017119804613139422,0.0059012543222343086,-0.003051446841982397,-0.07441428109606932,-0.0042225069066989815,-7.27231171913445e-05,-0.0006534446431032848,0.0031178183503561743,North East Delhi,Delhi,0.007230160468387097
-0.2500555831564998,-0.0002377049156348221,-0.011026413212211992,-0.017491380777501037,-0.01189381811691419,-0.005523031472657749,0.0011764841035255813,0.0002868155880423728,-0.004811501696940468,-0.060344205423571114,-0.006070970182854581,-8.215669076889753e-05,-3.784792432270479e-05,-0.029745458635411524,Alwar,Rajasthan,0.0
0.4447967788038295,0.0022051932830072472,-0.0064936059717001626,0.028273993387629162,-0.00762704811841104,0.006143991610369995,0.00404458137389156,0.017632980371254235,0.00830088694132428,0.06132554812775197,-0.0005551114586705807,-1.342780189588666e-05,0.000194631344784284,0.04086366068750067,Tiruvannamalai,Tamil Nadu,0.9949498348880954
0.43111879855443475,0.0022104581272651557,-0.013772646055549558,0.02952063818112947,-0.015812520495783248,0.005850346827828617,0.004614960849612544,0.0153185146506803,0.007829717115419044,0.057878960980615374,0.001418799875318655,-1.858929404988885e-05,0.00018617855486809275,0.03378299813582999,Paschim Medinipur,West Bengal,0.9559833978147221
-0.2645528911787551,-0.0005003495489290799,-0.015330132817180129,-0.01629184376221019,-0.014894247346637713,-0.0024369014744115704,-0.0011954297275224234,0.004296530992687622,-0.004908463107749412,-0.07591293590638087,-0.006748396022185261,-7.588700624182821e-05,-0.00025056322978343813,0.006316869033089461,West Champaran,Bihar,0.003372129011726542
0.36915917825224825,-0.000575279418117134,0.03430306344020209,-0.0003128446925893513,0.050634427284003324,0.002171514473966454,-8.672145458149316e-05,-0.012840769085705687,0.02981878944017808,0.06522027171841728,0.012314805533851541,-1.394765917211771e-05,-0.00037812113027030136,0.02061222692381307,Shi-yomi,Arunachal Pradesh,0.9658833741430507
-0.2678365049791682,-0.0003407486595824594,-0.01496686256044086,-0.009116797748501994,-0.01472790656172947,-0.00541297354917333,0.00015406775250085048,0.0017833683059143369,-0.0025229396728173015,-0.07287777924151669,-0.0036047595344643924,-6.751705426722764e-05,-0.0006414435923215934,0.005213298423186643,Basti,Uttar Pradesh,0.010891271123896842
0.4394816668313797,0.0015525128549779765,-0.009449092045870203,0.02110425667306117,-0.01134598859865946,0.006782496266059752,0.003054482984589413,0.017383279900805064,0.007537100506742718,0.06855164442949899,-0.00498551718199451,-1.2600410263985395e-05,0.00021837490887264722,0.035728497277232235,Kozhikode,Kerala,0.971457896097549
0.3357046104066467,0.0004016430065348686,0.043632120167985705,-0.003157526781110391,0.06099715230537186,0.00014109215195276192,-0.0007877884292247472,-0.0033698956084845123,0.023586023436419055,0.08445491528974798,0.033230871993837355,0.0,-0.0003782966487779049,0.02077221284895586,Lahaul and Spiti,Himachal Pradesh,0.9910839163026958
-0.25528272142204517,-0.0004548847712248971,-0.012067359981119807,-0.007938370964002388,-0.012195229207791272,-0.0031672162958057016,-0.0024252267394149385,-0.0004562297091797518,-0.006349043259979226,-0.06627321754534933,-0.0064923294676918885,-7.172033889219165e-05,-0.0005729750421232893,-0.021764489281213172,Dholpur,Rajasthan,0.0003457585786448355
-0.2521750578744468,-0.0031467560790042625,-0.003190215404429182,-0.014530390145973798,-0.005517628429261095,-0.0005446842586934508,0.010898537611174106,-0.011172855150143733,0.0006213565397047205,-0.050875641425172945,-0.007497959989341325,-8.254985557869077e-05,-0.0005257726172567345,-0.03949647490244388,Ahmednagar,Maharashtra,0.018620680297227025
0.4044742300425969,-0.0006308612969587557,-0.0017850820434250636,0.02049261151230894,0.006832541170560944,0.0070946373439801395,0.0014787876148511713,0.008875610935028817,-0.0012062033328038525,0.06617753909228669,0.007156019595058751,-1.1930579785257577e-05,0.000208659118579817,0.0562586449054379,Gulbarga,Karnataka,0.9662719860739495
0.4354562053076188,0.001898131792077038,0.01958683457058214,0.009370864338025057,0.01271418032989459,0.004332968327407798,9.092990057979478e-05,-0.0007403341066492431,0.02379954533165801,0.06286454736334235,0.0031353686154761817,-7.636186201125383e-06,8.464438309601974e-05,0.027494181502761422,Upper Subansiri,Arunachal Pradesh,0.9959372117861123
0.4413970434694056,-0.00881430001820263,0.0041131621319800615,0.007494130899140146,0.005284887361358415,0.0035177999141706097,-3.983359383710194e-06,0.006824183572971379,0.0018552470493523288,0.05589995327874931,-0.000745309358862869,-9.846016764640808e-06,0.0002600199298467487,0.03972618833895467,Ananthapur,Andhra Pradesh,0.9526559580581682
-0.2606104106938437,-0.0010261203412665054,-0.004485954660121933,-0.013142089353423217,-0.005080754782902659,-0.0059682554417668145,-0.000966725768885226,-0.001194810994920772,-0.006865528326670756,-0.055900473987967415,-0.006025683084008051,-8.056950755417347e-05,-8.906109622330404e-05,-0.03442033363393421,Khunti,Jharkhand,0.0
-0.2547304132032241,-0.0010106878084479832,-0.01412784283500514,-0.011893963447628267,-0.0125696519952362,0.014758404152826188,0.0023157624893065075,-0.003947071162501743,-0.007145278146745113,-0.06915587018307633,0.029817504648253817,-8.210997795686125e-05,0.005926762699746177,-0.025550293263113418,Ri Bhoi,Meghalaya,0.04846202470565359
-0.26594477857714083,0.0015313040502769582,-0.01150529318293593,-0.018862827089360507,-0.011205378021240903,-0.0024300909151133963,-0.0004918801874919154,0.0036691752602200723,-0.005654773243331874,-0.07428292073996999,-0.00813438839322771,-6.951368413865566e-05,-0.00064695456327172,0.007131110095051554,Patiala,Punjab,0.00895956081611616
0.45460135606375845,-0.00020640328621084335,0.005400905621172569,0.005131894744481542,0.003732892921043458,0.003936600169545272,0.0031169522715117637,-0.004290948091111204,-0.00398681567163294,0.05614779461509897,2.995732629642589e-05,-3.667720593512058e-06,0.00016769037829362788,0.030477425816989125,East,Sikkim,0.950112415676078
0.4474370743562395,0.0005044597794767469,0.006077440309381927,0.02064370932534075,0.005434804619007991,0.0028434530008598813,0.0023261526609712744,0.011391207499709708,-0.0034516294314926197,0.051201939966013015,0.0024794351815944538,-8.93344869837165e-06,0.0001873596462974092,0.04849074865250714,Jashpur,Chhattisgarh,0.991414003538967
-0.25509987865507355,-0.00015892559344138135,-0.009064857602425036,-0.010379104983703655,-0.01132886681247328,-0.002751544420752907,-0.0013900760568139959,-0.0060508344751633554,-0.004729751061713614,-0.05865974301554161,-0.005704170071858243,-8.509425446391105e-05,-4.856591083807871e-05,-0.030405359387114004,Patan,Gujarat,0.0
0.45337610048958593,-0.0025524172474251827,0.00870979763865762,0.010477618738714228,0.003867356960645338,0.0027999526764870097,9.928529998433077e-05,-0.0067084831713145835,-0.0035346663491509387,0.05711331702401367,-0.005737236159984604,-1.1258057784289121e-05,0.00023505184522946366,0.03646869468570003,Jangoan,Telangana,0.9504598948524182
0.44699968334287404,-0.0024999539895361523,0.013335955720940547,0.013299850903695187,0.005488432232459673,0.005307445388007181,0.0004271550715566264,0.004577410622932803,0.003917241606104654,0.052352680102430896,-0.0010800430257222615,-1.3100116048008203e-05,7.055324036628008e-05,0.03738582959704672,Kabeerdham,Chhattisgarh,0.9754259217999909
-0.23547344482267363,-0.0011697233628365211,0.006646059874801722,0.010993445849289856,0.0006296593893966928,-0.0048952509884657045,-0.0019079420084563026,0.008032415469933767,-0.008897557736490853,0.04237043129096492,-0.004293730278914154,-3.835421986877918e-05,-0.0007125437253853306,0.009326678339566569,Moga,Punjab,0.21646691199150456
-0.24900782754670217,-0.0019606019353250303,-0.009306382214899713,-0.01293675511946276,-0.011479858050570328,0.00019757487348215363,0.0002357950286113919,-0.008499353041261202,-0.005359002448576575,-0.05502394586757873,-0.007179905778903048,-8.759425254538656e-05,-0.0002751334584900178,-0.035173783181071484,Purbi Champaran,Bihar,0.0
-0.26400542702471286,-0.0002498882288637105,-0.010896437200772198,-0.014745661731976724,-0.009061875030456577,-0.008973268812624155,0.0008854815913036874,0.000559969283767714,-0.007036231624406355,-0.0741349705887842,-0.0037853498826007125,-7.588700624182821e-05,-0.000527327221352607,0.007108896123081649,Hathras,Uttar Pradesh,0.010918793402745841
0.4292447281447312,0.0015728427306021331,0.013043079989474791,-0.0014727789471362484,0.007532664831996954,0.010122292341020512,-0.000779112749696651,0.00029797790146403715,0.003022863686255732,0.04101536776498506,-0.005615786938433303,-1.1258057784289121e-05,5.574210299528204e-05,-0.059353908380253416,Chandel,Manipur,0.8345314945009785
0.314531335151587,-0.005547811650631047,0.040504301091714295,0.0007650302540969278,0.060530602508333683,0.0008624671583129384,0.00020020981042762287,0.00025596270694222767,0.027734883922021253,0.07440995340011342,0.03604801087843043,0.004084117821184919,-0.0003957213856483577,0.033920504966977204,Kotputli-Behror,Rajasthan,0.9837606292863345
-0.30324654727213785,-0.004650730125031259,-0.0033140708101927884,0.0006150197372517141,-0.005316083941015677,-0.0023218063003332644,-0.0007485328576694883,-0.005357695823004178,-0.003493206178645778,0.0277632234367411,-0.008736791449045996,-4.1351350955665114e-05,-0.0007744614265902782,0.023066661242155534,Koch Bihar,West Bengal,0.10930039517938496
0.32061056210583044,0.001204176354840456,0.04229714649519337,-9.095461933156913e-05,0.06161209529496773,0.003112019895652338,0.0007487912518445227,-0.00448477698242641,0.030647645017979813,0.07907875378564767,0.03797605198292331,0.004482684970134869,-0.0004370558658411028,0.025578001870730987,Madanapalle,Andhra Pradesh,0.9981919241031805
0.4519903835219157,0.001338628396006243,0.006905245464258769,0.018627284311205587,0.004011645784748908,0.007474676201727561,0.0009096481560118264,0.012963246384679224,-0.0036351922315952835,0.05058223160103807,0.006744173814295209,-1.5424725133925677e-05,0.00023210706385725643,0.04309600432545722,Karnal,Haryana,0.9970814400559246
0.4436790084812128,-0.0007812871061469196,-0.0023012688086237174,0.024641169562164576,-0.0018656698261020211,0.006907992367941916,0.002415514403983252,0.011076344887660525,0.002565987038069579,0.05395480653332925,0.010298057960098958,-1.1930579785257577e-05,0.0002150422781414818,0.040352160434276814,Anantapur,Andhra Pradesh,0.9870027097054418
0.4442659617858044,-0.00033244178142922466,-0.003379991061920009,0.022908396229431673,-0.0006589632635314046,0.006531422896441655,0.004448954499930551,0.01613113596407857,-0.002862600316220778,0.04483489699929123,0.012741372998971202,-1.1258057784289121e-05,0.00016661018496961334,0.03735986095935914,Janjgir-champa,Chhattisgarh,0.9780001400687007
0.310785487078283,0.0010397832501075753,0.04289580331693287,0.0019480805372268152,0.061294555204167406,0.0023926523653972254,-0.0008665471678978065,-0.001968465765166911,0.02766296065185088,0.07864889370573565,0.037188191304585415,0.004464708879822865,-0.00044083035601943265,0.03497122235783991,South 24 pargana,West Bengal,0.9958732768694134
-0.24327142627036666,0.003625311035939376,0.0025113926191988865,-0.017179503536208358,-0.0005877619258899358,-0.0026376898999296828,-0.0021261766835596065,0.0007696934309205972,-0.005141596336907242,-0.07713009082759527,-0.008578727007261477,-7.123136660084129e-05,-0.000862058904604055,0.008777430359841673,SAS Nagar (Mohali),Punjab,0.05395433403216536
0.4228421734243784,0.0024710345132007206,-0.013877534356543037,0.021456507628572583,-0.01091992678007955,0.0023022095359192464,-0.0026638598890713185,0.015187853284132871,-0.003805791448612581,0.036793156667226865,0.004273196151625597,-1.692194724455476e-05,0.00018443620181642472,0.03712781375339546,Banswara,Rajasthan,0.9072111268812171
0.3320290249485333,-0.0034346762413770193,0.04534823930080165,-0.0031577025252545353,0.0642700254826741,-0.0007703387613219092,0.00027470328359413543,-0.005820169891339901,0.02513983329276016,0.06446149262846575,0.03940279828388157,-1.394765917211771e-05,-0.0004010174941504374,0.020064366810074716,Leparada,Arunachal Pradesh,0.9732494128073235
-0.25361794709524477,-0.000529829160823283,-0.010714539765140217,-0.014843312983839497,-0.011682562290989153,-0.001205775137314049,0.0020247338973604203,-0.007221559066701957,-0.004354033148520103,-0.05827496220344983,-0.006741420896560157,-8.509425446391105e-05,-3.545616753399372e-05,-0.028575014211405687,Kanpur Nagar,Uttar Pradesh,0.0
0.4246127479778806,0.0008714547870840761,0.0026513652992798597,0.02140126095953747,-0.0037767500303198176,0.006925070106426574,0.0038305381917416526,0.021550292620013352,0.010498328027842944,0.02875953027320975,0.003207828848317149,-1.9062859937548638e-05,0.00020232746173860506,0.00642430206307381,Coimbatore,Tamil Nadu,0.922996013239946
0.43483110959459736,0.0022888301646526088,0.011698748869821429,0.015464708265408262,0.007755053685514213,0.004647555082901818,0.00029512337438063695,0.0036554822527614305,-0.0040841655217445805,0.06641323234103766,-0.005458996551242308,-1.1258057784289121e-05,0.00014398327795788645,0.05358525191611079,Rudraprayag,Uttarakhand,0.9870814400559246
0.4334703826711484,0.004012740063917591,0.005708240474850754,0.009015004391585535,0.003795176842741057,0.0019005483143700985,0.004148090095313819,-0.0014588650779114687,-0.0011854750471138686,0.0701134079122312,-0.001063102165098826,-1.2170625850558281e-05,0.00025785821824683805,0.04350613971484563,Baleshwar,Odisha,0.9680647563702071
-0.2579288091604394,-0.000632444217299053,-0.002807086002685537,-0.013440673484547005,-0.0068689002276369135,-0.001625994742680632,0.0025388786372059257,-0.00025991295213316333,-0.0038579163783106197,-0.06178704509264207,-0.008194177652831059,-7.745003560557961e-05,-0.0006439004371350165,-0.03308972457671189,Mysuru,Karnataka,0.00718161490698564
-0.26444377589872603,-0.0008413685466439347,-0.017253943330260882,-0.018412952761918858,-0.015673725642482168,-0.004890694420555519,0.0012859400955312595,0.0026407197132903093,-0.004452751957996952,-0.07390498780931011,-0.005073793630108412,-7.48307048343122e-05,-0.0006450361164752394,0.006834856438176757,Satna,Madhya Pradesh,0.0009504255457099751
-0.26480307591355084,-0.00042175859962299,-0.01626773743326339,-0.013807352178464499,-0.01523862536121669,-0.004604703970016999,-0.0012724196060844406,-0.0004591947659537254,-0.00602162417022555,-0.0729894228302328,-0.004997835604990541,-6.939572980627418e-05,-0.0006402783434896264,0.005736653779904372,Kaushambi,Uttar Pradesh,0.0
-0.2848863779734893,0.002212594323536905,0.006670334742502746,0.0024569892921863356,-0.0013450043214834296,-0.0021791965651209466,0.01434864622193345,-0.005201561966750887,-0.007974234819521371,0.019172885949556077,-0.00536974601914153,-4.5518018305301665e-05,-0.0005944809972424992,-0.03330814731809369,Khordha,Odisha,0.09981395118515085
-0.2818742260925501,0.003746443618365447,0.009733764585344034,-0.00198321453392964,0.0011211767184795462,-0.0047566694084980555,-0.003306163700599427,-0.013551608278485219,-0.010646931832379778,0.0697476728410038,-0.002303340085563832,-4.154904512688518e-05,-0.0007907647664251271,-0.023471466493028857,Chikmagalur,Karnataka,0.13747989235138008
-0.2144683449177319,0.003735705767012405,0.0741761192148624,0.0036468525087911983,0.11991317989337404,0.05851999983933638,-0.001357070070807822,-0.002765522410199992,0.06730078309316014,0.05750290630845484,0.041506670126946116,-3.246454056352377e-05,0.02692882244082284,-0.020912790883467095,Meluri,Nagaland,0.6095516153173705
0.4272720120424856,0.001963924069641507,-0.007322739120172628,0.023311796609450538,-0.012013234141086286,0.0045402497283794216,-3.7238131099002204e-05,0.01437734831482885,-0.005015785275827511,0.0375579342353376,0.01699152805849735,-1.4597338158637284e-05,0.00018592888256534933,0.04590851762233797,Seoni,Madhya Pradesh,0.9435624269981632
-0.2680137053671751,-0.0008787849080908927,-0.012497261034041003,0.00528079277712095,-0.013326378421224945,-0.009170456848642062,0.0064281154269701804,0.00383877105294232,0.005989192261895368,0.007141501780170074,-0.004686304788256166,-4.8989567440003156e-05,-0.0005535913223502576,-0.0379885547736194,Thrissur,Kerala,0.07737111618767974
0.4459026574690506,0.0005754803957825061,0.004595443443831755,0.01686738269207126,0.005921410397259024,0.00669477823535999,0.000876985381328268,0.0051393016370275294,0.001539203482789162,0.06450121338009922,-0.003367120756956865,-1.2170625850558281e-05,0.00030900957506673876,0.04616752542722679,Kanyakumari,Tamil Nadu,0.9915678823539035
-0.2539220644188572,-6.283360913585056e-05,-0.008849828166130464,-0.012182738193778277,-0.013923637519492332,-0.00248979936226533,0.003720736503237276,-0.006916455999553364,-0.0030331282046972773,-0.06097031904790128,-0.006241758064861642,-8.509425446391105e-05,-4.410309629747644e-06,-0.028873026861842847,Kamrup,Assam,0.002022414671421294
-0.3106702867207059,0.00315981003575871,0.00602506444658502,0.004708855816625146,-0.0003893890948074841,-0.0042568623189981735,-0.0026499515823888943,-0.004048160296479182,-0.009668015356910474,0.024542872624806478,-0.00752603415883641,-3.835421986877918e-05,-0.0007109916278568563,0.015258006315143575,Narsimhapur,Madhya Pradesh,0.10959333100653362
-0.2821509503915513,0.000451910779629543,-0.007685617695897235,-0.0014863762308232253,-0.007059775526286103,-0.003867229760289774,-0.001120172122718941,-0.0030764211767382223,-0.0073975768563104794,0.020153540750989123,-0.009296917792562453,-4.067882895469665e-05,-0.0008216530826030067,-0.052705521558164034,Pulwama,Jammu and Kashmir,0.03975332900499512
0.3599249377996603,0.00031125119559874295,-0.006132889788323155,-0.030436095481745723,-0.003237533010651532,-0.01747869716004061,5.716668183595175e-06,-0.001168065923575341,-0.003704702924042067,-0.09815298114535835,-0.0023871869556751336,-5.570327630266547e-05,-3.2369163382099944e-05,0.025721628321116442,Sonipat,Haryana,0.6190340899788221
-0.2538828953708798,-0.0004990687673853244,-0.010134922924225975,-0.01329809680231847,-0.011694498840915913,-0.005068876116711181,-0.0011300151737123087,-0.00028230800093297147,-0.006645207455703712,-0.05788209326063225,-0.005603625966632535,-8.184423670172692e-05,-6.427929267374566e-05,-0.029589040380851656,Kaimur (Bhabua),Bihar,0.0
-0.253196812572678,5.6604149722261355e-06,-0.008397507732297527,-0.014150157739240967,-0.011671025043524423,-0.005067304407857591,-0.000728376425231545,-0.0005857159174411208,-0.0048663811295864435,-0.05964534446153266,-0.006097473777526829,-8.215669076889753e-05,-4.4726629566866906e-05,-0.030841854901086662,Sultanpur,Uttar Pradesh,0.00048759518545811854
0.3890879729485641,0.001449283776419179,0.03762308022040088,0.0015614796333056802,0.04138093532656058,0.0016679065598054876,-0.0009074748309831194,-0.012242196075585526,0.016680356307788316,0.06736274093384054,0.0158181743708883,0.0,-0.00032623249644530005,0.02953028858445123,Niuland,Nagaland,0.9845430957275185
0.4396243458711251,0.0011797378195115016,0.007662234904128127,0.009088639604960917,0.003901487193807043,-0.0035160225363506468,0.000303027326172014,0.0018715742318454432,0.008757585968305647,0.058245414745415475,-0.002632530363607657,-3.067606594413519e-06,3.877372946590185e-06,0.04103425494246494,Dadra and Nagar Haveli,Dadra and Nagar Haveli and Daman and Diu,0.9613773393953957
-0.24681184570546974,0.0034160782561957603,0.0028205851764505495,0.0016729469384699769,-0.0011971316182007286,-0.00014011412118634326,-0.0014782581335384749,-0.0032560670967723125,-0.011978889193906071,0.04361663991325258,-0.006254490159008128,-3.765707369893789e-05,-0.0008334203487902415,0.0066001605637484315,Karaikal,Puducherry,0.1819953050313562
-0.27643507975029935,-0.0033801938775559395,0.0007960914629984473,0.003665184399451391,-0.001343505880468001,-0.006357335135744506,-0.004523892321958556,-0.01089725312511291,-0.002772865761871799,0.025252046488449195,-0.00578512861749914,-3.747032955288887e-05,-0.0008677303280273919,-0.00955888510584373,Subarnapur,Odisha,0.10361075021900958
-0.2532537515414697,-0.00010540361809034949,-0.009588739165847073,-0.013146288193493092,-0.013498389523410878,-0.002270454861718463,0.0029544609445838433,-0.005344415586905598,-0.0030700263183098286,-0.06167528424621196,-0.007227263808181306,-8.215669076889753e-05,-2.1088603243697435e-05,-0.02952797126914902,Muzaffarpur,Bihar,0.0
0.4216335744437674,0.0010822431111591868,-0.014458051877918479,0.009800019128160784,-0.013985915642733745,0.0010048331324287573,-0.003536739184255566,0.011917005739451269,-0.00301390455048022,0.030235071742681613,0.00925434135071555,-1.6094555612653493e-05,0.00013010348993702792,0.03798460744939803,Singrauli,Madhya Pradesh,0.8838878742526763
-0.2648438260034527,0.0002722592092686682,-0.009432221271308662,-0.015628305132413516,-0.01581054481210231,-0.0025386560508195545,0.005346031200951984,-9.421444388863165e-05,-0.0006834643401452922,-0.0839608621959087,-0.007715219607816835,-7.619946030899882e-05,-0.00010207587605691515,0.004495448255797782,Cachar,Assam,0.005084920187638973
-0.25958411298510325,0.00019783649269811577,-0.0017240615645278013,-0.0116907170626655,-0.00379698025790276,-0.0030733648993555105,-0.0008491332539051655,-0.001577535256947158,-0.006439667113936593,-0.0591011363646976,-0.006911290479474701,-7.590988418087363e-05,-0.00020437744664377532,-0.03762092338773982,Central Delhi,Delhi,0.003405397784932045
0.45638408607766906,-6.761568914953386e-05,0.0062084320759458935,0.01382707618899076,0.0036957266362969677,0.006176922246759205,-0.0003558750084266649,0.006435025539685739,-0.0016589622684477945,0.047298460899910424,-0.0018097545874479692,-1.3100116048008203e-05,0.0001987170719075948,0.048825251541275067,Latehar,Jharkhand,0.9810011723888641
-0.2763369645406783,0.0005410950120494818,0.011653931003529579,-0.0012346896791859763,-0.0030813237827896954,-0.0086144431732464,-0.00422500805110758,-0.00019806478772807168,-0.008789946066590346,0.027350688596352483,-0.0015644578451974667,-5.372040439397097e-05,-0.0007519488912657835,-0.025924541677595697,Kullu,Himachal Pradesh,0.10462737556290522
0.4110365639088559,0.00034255402817507275,-0.009587951644734858,9.660501473263139e-05,-0.002782656393974321,-0.0030664743408487993,0.0007678352165748948,0.004641222555110289,-0.002488249348880345,0.026711297540286977,-0.003422538944414555,-3.978390945121646e-05,0.0001348271175811533,-0.06873179183996399,Chandigarh,Chandigarh,0.7494682398276115
0.43708434938549545,1.884771292679943e-05,0.003848384882003302,0.019577929386105097,0.004833911945852378,0.007274010810397158,0.0017189196980325506,0.008944735181066789,0.00015777083766806754,0.05800279401675652,0.007498876471727272,-1.1930579785257577e-05,0.0002516666421433911,0.0520806087465553,Bellary,Karnataka,0.9971376571757428
0.4243253714410821,-0.000497905888951209,-0.018202160670225568,0.020766844838799443,-0.016576363004023733,0.0036296505381324096,-0.00195648883085596,0.002618437264300155,-0.006115657220507273,0.03588540698387078,0.0008111530914175091,-2.2083439398556946e-05,0.00017602158477529882,0.04860631856248801,Khagaria,Bihar,0.8893053259637054
-0.26792923666038404,-0.0009558333245877293,-0.014029993661570189,0.004649390809536271,-0.010071954137783905,-0.00967616258218186,-0.004430851360502856,-0.0006060830790011096,-0.007659741051793389,-0.07148637520176634,-0.00787301982873032,-5.286818719469011e-05,-0.0005585222692752723,0.007041231369948946,Narsinghpur,Madhya Pradesh,0.012216751141031514
-0.29853045340787504,0.0009079062849559705,-0.009499701667991758,0.00769033627864701,-0.004738570622812403,-0.005644014080862689,-0.0031557490055092786,0.002570325179331121,-0.0037165176431881264,0.018495339487635647,0.0005813082909662626,-4.484549630433321e-05,-0.0007276322067627917,0.008118962879816536,Jamtara,Jharkhand,0.1081634616692314
-0.26165551304166,0.00023229520360473543,-0.013529883821647673,-0.015510098521772306,-0.016743812395779968,-0.0040809876462299145,0.0017091428243475094,0.00011577488094189902,-0.003106271919205028,-0.08136334784156134,-0.004104512382327812,-7.203279295936227e-05,-0.0006431399378925562,0.0072655698189146274,Jaunpur,Uttar Pradesh,0.004369952816685338
-0.26444111241503376,-8.008273638552055e-05,-0.004101869411388179,-0.013405151905681123,-0.005205544992804789,0.0012739932360364037,0.0019686340130283496,-0.001264314973486762,-0.007317668779778614,-0.04985438499319571,-0.006838781924752766,-8.056950755417347e-05,0.003958305413398193,-0.04285892959175726,Dimapur,Nagaland,0.007609293049230208
-0.254980959798213,0.0010012676544647547,-0.010167130731288125,-0.015054132408404258,-0.01097875217177716,-0.0026912338980582718,0.0011711318956076867,0.006963081094745575,-0.0022716163154836975,-0.06651383265412733,-0.007815999229505906,-8.215669076889753e-05,-4.254092658811714e-05,-0.02869289081333136,Jalgaon,Maharashtra,0.005701006994134625
0.4208520245057298,0.0038483820650435517,0.0039529645109541885,0.024512705098277365,0.004874315247607228,0.0015807130638859235,0.005724235757097631,0.010160523826161807,-0.0026340795458963838,0.06748975839414925,-0.0014060079359114752,-1.1930579785257577e-05,0.000217980976740364,0.05858499529817891,Cuttack,Odisha,0.9936033613615531
-0.2511993068043739,1.22413318240433e-05,-0.012470854463836077,-0.015392600835912162,-0.011470403577459366,-0.005927943219521694,0.002936136109965446,-0.0009303579519473714,-0.0063310620431911956,-0.0674231217911074,-0.006773578007387187,-7.172033889219165e-05,-0.0005435687723365845,-0.01992487371936022,South Delhi,Delhi,0.0003457585786448355
-0.28267168654772834,-0.000550087807860109,-0.010028292500501267,0.012889468920475338,-0.00962759709801503,-0.0033259259021724574,-0.0006466674821786001,-0.0008198992327379528,-0.0018353459542959172,0.028993720030448457,-0.0042522973503491815,-4.1351350955665114e-05,-0.0007834809116320685,-0.005041656030525701,Shimoga,Karnataka,0.11811566777790045
-0.2546804491605872,-0.001831933118132838,0.010873741579089255,0.006795133805862861,-0.001577258993856958,0.07969835298623366,-0.0012598974822230957,-0.005967978422504529,-0.0003461104615143995,-0.04169637175438765,-0.009917118476823816,-4.057201906107366e-05,0.005497168103138392,-0.033212850453928695,Dima Hasao,Assam,0.1481906284575437
0.4409339319901119,0.0022723170868630405,0.020106349920206414,-0.004799886539040017,0.012868902683912893,-0.0017922481504501775,0.002380616034988634,0.003351813221379416,0.004277879512555955,0.03615652218379182,0.005716647327353712,-2.4442514404654504e-05,3.512477473122999e-05,0.02384358354372125,Kolasib,Mizoram,0.9411838917668987
0.43752853649399187,0.001686376197685604,0.010869036738949945,0.013305326284407783,0.005238659698852644,0.005830162661750364,6.434682221879484e-05,0.006458423168442096,-0.0032586611271108266,0.06142108173948145,-0.0017075360964008723,-8.93344869837165e-06,0.0002113594254478812,0.05558580769499258,Narmada,Gujarat,0.9890807679913334
0.45342879061754504,0.0025256171895671285,0.012751067687822797,0.003946635474985669,0.009021946508928522,0.005107882255815639,0.00022308023861114634,0.005468613037737669,-0.0025206941804208328,0.07115258934210943,0.0002990557406883454,-9.846016764640808e-06,0.0003081375066540204,0.030959796575634756,Sri Sathya Sai,Andhra Pradesh,0.9885194540823009
0.4527898545214339,0.00021228117453574668,0.011276228566348436,0.014947068615056196,0.007344102918304998,0.007432250852380093,0.0004924434178610682,0.00882447792129824,-0.00011422025589126861,0.06803148245096963,-0.00020575682268827222,-9.846016764640808e-06,0.00031989074166631325,0.03208282165375749,N. T. R,Andhra Pradesh,0.9992798620094868
0.31852012463630675,0.00047850231299889856,0.04243303000002925,0.001466268574845344,0.06256199035902682,0.0022837430908657554,0.0022727902745464236,-0.0035689811555130293,0.030233457429294504,0.0777628174929805,0.03831779310638922,0.004461401920998469,-0.00047421439849131274,0.025586418121879433,Tiswadi,Goa,0.9981919241031805
0.23586937439034955,0.002024157575906429,0.013175770166089933,0.01785536745655918,0.009149233404705227,0.0016350222183064034,-0.0024243098501028726,0.01171013367442356,-0.003428367983906355,0.030881999196681137,-0.0005022921222553123,-1.5424725133925677e-05,-9.2174097080715e-05,0.047865243594887946,Jind,Haryana,0.7595605109290527
0.44695453642510985,0.0023854834588200903,0.015729548332528792,0.008925229308088091,0.011036672130840088,0.002172111075369685,0.00047765950690518364,6.99076314595004e-05,0.008697014646422759,0.06345481171053508,0.0038626605203353395,-3.667720593512058e-06,9.626970146200619e-05,0.03378304235350242,Serchhip,Mizoram,0.9934980600996753
-0.3047723997796129,-0.005493216233262501,-0.0020954978950248914,0.004463977522282221,-0.0025367803808967436,-0.006543533779731661,0.007426288710630616,-0.0020547376734248246,0.0031158864792087113,0.028749927050612314,-0.004336652077527105,-4.1591397020965815e-05,-0.000672668818733655,0.023014915129560904,North Twenty Four Parganas,West Bengal,0.13408068390844183
-0.2781549553074001,0.00019711017830559285,-0.0069892720876669045,-0.0010449771942330698,-0.008071872846667247,-0.0016939010060923465,-0.0025816500416658526,0.00048083264897286426,0.0008374421829466883,0.01631445122730838,-0.005639893948828103,-4.484549630433321e-05,-0.0008907984017423587,-0.04595442155584351,Kupwara,Jammu and Kashmir,0.06262001609248644
-0.24938226620644854,-0.004592480230130604,-0.003264097245883022,-0.01591483708058149,-0.0051833447803437595,-0.0002902418816483987,0.008439398594964587,-0.012346690981576102,0.011899471464603266,-0.0540731379323006,-0.008120353658268869,-8.254985557869077e-05,-0.001103003031676053,-0.04162474331878911,Medchal Malkajgiri,Telangana,0.020217896328437162
-0.27757534550291896,0.0014421129638867568,0.004449608799186535,-0.011631483798300906,-0.0025848134885382026,0.014342371819657274,-0.004372828254308843,-0.015330911896144243,-0.01308265108094929,0.016755856495256013,-0.006639779996839934,-6.891690427437424e-05,0.003619424750795588,-0.06220487582471833,Sant Ravidas Nagar Bhadohi,Uttar Pradesh,0.04297453655886782
0.41087287918197035,-0.002885404924272734,0.016277270908394714,0.004861563973618104,0.0207483742417935,0.001581825555413161,-0.0010675036289558193,0.0007578363995889958,0.02777703971065421,0.06183169973940494,0.008092419849335784,-7.636186201125383e-06,-0.00024878305521269795,0.02425247928439603,Kurung Kumey,Arunachal Pradesh,0.9687008405518798
0.45456046044539106,0.000546906166782719,0.00485612347307324,0.018747576652313,0.0060150009843437146,0.006015646948144422,0.0016728025379779865,0.013293125838245032,-0.0027396633737043884,0.04632446903906384,0.0013878910503262887,-1.3100116048008203e-05,0.00021466369595145806,0.04388140206840489,Surguja,Chhattisgarh,0.9906200870065273
-0.26135839166832736,-0.0017243446725478861,-0.003533115013160568,0.010963583805096277,-0.004602063078727951,-0.0011927898604335496,-0.00041431141064094843,-0.005279439531077515,-0.006695765364165709,-0.045485665759952096,-0.002884219087936799,-5.484549677930772e-05,-0.0006124995012942235,-0.04313617166531913,Doda,Jammu and Kashmir,0.029846732353478126
0.44036375457548277,-0.00012114718098018784,0.0030307463271310553,0.014905607238397352,0.0051402376108853785,0.007746333704417339,0.00261565389642783,0.011539032959735778,0.0008902861922251759,0.06355884890330345,-0.00403420699039998,-9.605970699340105e-06,0.0002880892527173273,0.04446543056592418,Ratnagiri,Maharashtra,0.9862358437774548
-0.25714913549942137,-0.0001498688242463686,-0.011479516133767902,-0.006906046950043674,-0.013529306119453395,-0.0030818034534240723,-5.2732545282196955e-05,-0.0008512872633400548,-0.005870292151485046,-0.0667801440049152,-0.0063001000488566205,-7.172033889219165e-05,-0.0005672186605806928,-0.022721841714101174,Deoghar,Jharkhand,0.0003457585786448355
-0.2518617488551172,-0.00030689328399603256,-0.012797641450388255,-0.00896549749665155,-0.01208297972129003,-0.005911993357058236,-0.001310717289106833,0.0015950196759331448,-0.005908600068842133,-0.06280574108997826,-0.0063938276243789005,-7.680982584133744e-05,-0.0005771049583563581,-0.025736779090766503,Bharatpur,Rajasthan,0.0027154582763337896
0.44216815341558685,0.0021597375775309047,0.016612403887884285,0.01155215380980735,0.009969606085105625,0.002356704196554347,-4.730401877168333e-05,0.004450303369485482,0.004114170173779712,0.03961213759248494,-0.002477325609215768,-1.5424725133925677e-05,7.394162268610671e-05,0.0378163571540972,Kulgam,Jammu and Kashmir,0.9642023947356932
-0.2729622583047967,-0.0032149273074173835,0.00021548063297814225,-0.011534107409315765,-0.007500003821696737,-0.004897370205235348,0.0011394203226882383,-0.015101649297030235,-0.010670867744902352,0.01827203736836964,-0.007915583027715912,-8.170520653948188e-05,0.006065329127195583,-0.05758094563393115,Manendragarhâ€“Chirmiriâ€“Bharatpur,Chhattisgarh,0.030089619077186328
-0.263789233351381,0.00020001103132017306,-0.011718412747304683,-0.02103530916818272,-0.016090164532852214,-0.0017283626871176239,0.0014892051524111594,-4.273635635399842e-05,-0.00170997209577763,-0.07887533529012217,-0.007344201536925539,-7.619946030899882e-05,-0.00011553017771802843,0.004979470280845817,Rajkot,Gujarat,0.0
0.45275353447214,0.0016713201365200802,0.004478471461879963,0.019626171476083983,0.0052088695844668105,0.005812607400912384,0.003689812818302016,0.008057718788986677,-0.002274963328218291,0.05547208376741764,-0.003155347856882145,-8.93344869837165e-06,0.0002474886929849163,0.04756438418464313,South Tripura,Tripura,0.995
0.31949498300284174,-0.007457749242712452,0.04277230548519583,0.002663550947745534,0.06357231313260854,0.0003285682634486875,-0.0002952315951733908,0.002327288289416174,0.027931381924063317,0.07345121286894482,0.037799991515630606,-3.6006886512041092e-06,-0.0004163528022763785,0.024439469675148758,Balotra,Rajasthan,0.9824649131676485
-0.2522194764300366,0.00023558081695227885,-0.010830213217013806,-0.01595773563494731,-0.012020344248539913,-0.005965932897743187,0.00198898396018194,-0.000820567743958236,-0.0062072374696163024,-0.06063084968189287,-0.005042129073071919,-8.036612533032894e-05,-4.522626222751569e-05,-0.02488847656990856,Siwan,Bihar,0.003372781730290524
0.4359908339636604,0.0009188976461155107,0.009582630487639108,0.011648327442944719,0.006839668919146788,0.007696389785796782,-0.0006153305022962741,-0.0009809951512215775,-0.0021421568228288377,0.056801681150709556,-0.008491946645881399,-1.185817178338766e-05,0.0002549784295115387,-0.016281019988909975,Tirupattur,Tamil Nadu,0.8970668803540423
0.37690675664140144,0.001498843316330749,0.03467170312342205,-0.0058509812054489884,0.04395671683847468,0.0013690354700429453,-0.0007696105526883911,-0.005261858690810186,0.019114946025747485,0.08040333038430618,0.014479101080287365,-1.604215241968632e-05,-0.00029576750777778217,0.02264726285022334,Upper Siang,Arunachal Pradesh,0.978710217176706
0.37520703710562886,-0.00012959234591107814,0.035537006657705206,0.0014877793235064018,0.05010667272697902,-0.007233469356870046,-0.0005631715390154568,-0.0054215636771914434,0.015910986232120193,0.05345355362518603,0.02181798802826961,-1.394765917211771e-05,-0.0004669006098993123,-0.0396470999730127,Lower Siang,Arunachal Pradesh,0.8959020598281491
0.4521509909674205,0.003857264415055397,0.011084914762250264,0.014089238556643978,0.008239526343932085,0.007317474843457603,-0.00020290070668124827,0.0002837695378730132,-0.0014954260789818363,0.06369995349906275,-0.00042699680001533123,-1.185817178338766e-05,0.0002971988830540795,0.039566862497213154,Hanumakonda,Telangana,0.9943067935612804
0.4280887270058429,0.00408855430994663,0.021072582700580825,0.005663100937654235,0.014641413018325692,0.00910075064008197,-1.8183951610808435e-05,-0.00011167920449224767,0.01706206949523221,0.055125991776212684,0.010485866904782598,-8.236300200223923e-06,-8.134121359034907e-05,-0.04466578071598633,Namsai,Arunachal Pradesh,0.9163006155403943
0.383017906754103,0.0036655171890743075,0.011819809781882214,0.000952679647525656,0.0076485862842309875,0.007256572179467184,-0.002230216535826912,0.00044386681851392494,-0.0036006649849878157,0.04226978394159232,0.006205320045955887,-2.324166474863887e-05,0.00011573667099582962,-0.05453364314082137,Kallakurichi,Tamil Nadu,0.7988647943506542
0.4555003313643101,0.0009539643294647249,0.006614834406827867,0.018787616556101058,0.0025980571851050628,0.0041628469947227135,0.00017600146873519406,0.007802426953394388,-0.003104386910708854,0.05630841596372193,-0.0018781859571754466,-8.93344869837165e-06,0.00026421333634061737,0.05027102969323096,Wardha,Maharashtra,0.9943050134344402
0.4428607050742721,0.0005792593569640303,0.0023943773483188126,0.017469589566317154,0.001615591152867637,0.00726525775018672,0.004864843573031976,0.008743325569776061,0.004721081944771868,0.06121465954027371,-0.0017643890200997703,-1.2170625850558281e-05,0.00028603047627257183,0.04042122013662265,Kangra,Himachal Pradesh,0.9865161632332828
-0.25599582973703944,-0.00014578643280401592,-0.010940429970814876,-0.005524731834702834,-0.012766257691673673,-0.004896075927899801,0.0005286842528221314,-0.0005928860003587033,-0.004138504541424481,-0.06728395922906202,-0.006597913311534285,-7.203279295936227e-05,-0.0005672186605806928,-0.021518072062449392,Cooch Behar,West Bengal,0.005345758578644836
0.42968531054793857,0.0017797750127647304,0.004573897156806197,0.016469901325635875,0.006490705560863717,0.004384094766955968,-0.003441851316129032,0.009892842467452282,-0.001072565966624097,0.06810385479881007,-0.002174668187108182,-1.1930579785257577e-05,0.00021390701847849415,0.05456959246073893,Kasaragod,Kerala,0.9853196475224903
0.43633142000258884,0.0018916639323833806,0.019333699893213634,0.0038636748359749617,0.012096279981160479,0.005582477181833383,0.0013865800505709557,-0.008369090738451632,0.0099076805401819,0.053900841269050946,0.00952740081349475,-7.636186201125383e-06,4.3944391145487315e-05,-0.01889992917829659,Tawang,Arunachal Pradesh,0.9224457872941626
-0.26763776920615784,1.1584691201278474e-05,-0.011987504558819638,-0.012847514514396608,-0.008045447686163243,0.0012066280634098802,-0.001527986916989903,-0.001690539331320906,-0.00488133943068533,-0.07719481812022423,-0.008818756325927097,-7.368035148829222e-05,-0.00012179421712062322,0.007549065817765949,Gir Somnath,Gujarat,0.009796898332258292
-0.2676129658357604,0.0024709385953246964,0.0016409979503441718,0.009058163735389826,-4.6561114795622413e-05,-0.006133347452087037,-0.0008267477923436672,-0.0036597190976317504,-0.0072720308487078,0.020909275338481165,-0.013212410018422816,-4.067882895469665e-05,-0.0007285267621045933,-0.018370800347011027,Sonapur,Odisha,0.11203235506296147
-0.2459794884247094,-0.004426879672446375,-0.003056140266089642,-0.013575272785383277,-0.005331088226193969,0.00018080184549035039,0.008457199557942658,-0.011629759917468618,0.010956066650869616,-0.05643417699806377,-0.008809719836826845,-8.254985557869077e-05,-0.0010760695920180297,-0.040377258152329884,24 Paraganas South,West Bengal,0.024672437167568385
-0.2565087516321182,-0.0006831704684373107,-0.013607317640307884,-0.006257418508903356,-0.010945098836182297,-0.0014598483638474135,-0.0010294993774914473,-0.001133565605723561,-0.005240248301306565,-0.06182752199794777,-0.002601390091913345,-7.172033889219165e-05,-0.0005737924574350472,-0.022924879395177414,Haridwar,Uttarakhand,0.010992549064144999
0.31934246216009343,0.0010097045910697489,0.04412231143895042,-0.0016431750050423944,0.06379272518703147,0.0025944534017799015,0.0008443917752811104,-0.0037457112956326456,0.030181581018932774,0.07844705379472998,0.037533355809637216,0.0,-0.0005285091761470539,0.02719257387003836,West Medinipur,West Bengal,0.995
0.41441205793704283,0.00347027492174675,-0.01063251929339458,0.028121900514925073,-0.009703407117394819,0.005935827455814433,0.004049893645187695,0.016174115990033898,0.001820072100053949,0.042099898388096336,0.011299437379893789,-1.5269860159605742e-05,0.00019281829125247896,0.03752760006299468,Rewa,Madhya Pradesh,0.940609480753006
-0.2500810616063245,-0.00021547973577980883,-0.011534917178041724,-0.016681556348194137,-0.012734395305087673,-0.006345029457479541,0.0020781545924182863,0.00013747463475738186,-0.005126434453750335,-0.06088569895044202,-0.0063220475385696775,-8.036612533032894e-05,-3.3559595394763164e-05,-0.028031855395279307,Azamgarh,Uttar Pradesh,0.0
-0.28398356665482427,0.002889805518425419,0.004403229605704837,0.010531667196282797,-0.0026017436352594814,-0.0033880859130113097,-0.004289142706256826,0.004529917382587883,-0.005661557749644999,0.02144278357995063,-0.0036379583922825985,-4.252088721841574e-05,-0.0007554570651700488,0.017704502509950544,Koderma,Jharkhand,0.15299864068845848
-0.26267649378019997,-0.000515700055329944,-0.003284498147768318,-0.01141340061367373,-0.004888586830238637,-0.003622763870007475,-0.0006686659056504141,-0.0029861716677260118,-0.0003608722848184698,-0.056032590631348286,-0.007723705229800544,-8.056950755417347e-05,-0.00016265778467641212,-0.03757922409990897,Lawngtlai,Mizoram,0.003860870855675971
0.436668858483863,-0.00173943876328849,0.008879733006942843,0.01650234255093892,0.006701739857790017,0.00533979905752858,-0.0013459697004873305,0.00796148001383699,-0.0013404386433467153,0.05479981851654884,0.0003093684508348815,-1.5424725133925677e-05,0.0001807977946009487,0.05634930000705026,Mahendragarh,Haryana,0.9851087485235174
0.3125250270120523,-0.009946821658650152,0.041981867828581015,0.0014400760916578293,0.060495382661392795,0.0007526628058440111,-5.8190874005958905e-05,0.004039137912295701,0.02682560001478123,0.07167375511865885,0.03626531835557216,0.004084117821184919,-0.0004294022779504303,0.031967743362897635,Khairthal-Tijara,Rajasthan,0.9774730568374715
-0.29857174965662125,-0.0004797590434827725,0.012103181018683245,-0.005654600151920022,0.0016778665699166595,-0.005250408507399698,0.0010889727302856045,-0.011694565787565806,-0.0027750882697728228,0.03592304897993017,-0.0023911599797429516,-3.999899839982391e-05,-0.0006476202626072336,-0.008124205795288617,Mammit,Mizoram,0.11102068029995492
-0.2819560803584318,0.0015599414677490132,0.0028629787592763024,-0.012280413101507293,-0.004982851057575317,-0.007301473068728228,-0.006839758524092758,-0.015777756342849898,-0.011383169736764103,0.011780330655128637,-0.005415088298504998,-6.891690427437424e-05,-0.0002033776423195377,-0.05443860888361087,Dhaulpur,Rajasthan,0.011412526141600023
-0.26453055820595184,-0.00013912926511693512,-0.016029779023565425,-0.01684271135549352,-0.01311082625948984,-0.005925993324126466,-3.828904646070441e-06,0.0019440959068560914,-0.006163390844412788,-0.07350598408704173,-0.00548968519182381,-7.172033889219165e-05,-0.0006422800211294088,0.005481759371341468,Sehore,Madhya Pradesh,0.0008267388588088296
-0.25448024533307034,0.0008327505833585747,0.06155609124463808,-0.007390112915927603,0.053626505188403825,0.02431132747333322,0.01012387466803375,-0.010946482636718428,-0.010661048068814126,0.027615954979301024,-0.002042833098639676,-5.645371973514557e-05,0.0060076856975501865,-0.05910588514551364,Janjgir Champa,Chhattisgarh,0.23524789661224038
-0.25221435940648007,-5.630997258776915e-05,-0.009452209395967658,-0.012138124738203259,-0.011858651519742126,-0.0006140186276752501,-0.0005353571382875088,-0.006311191836348371,-0.003649440773187962,-0.056881618842326134,-0.0064388403519296845,-8.509425446391105e-05,-4.8766220861580225e-05,-0.03355037475878362,Sitamarhi,Bihar,0.002022414671421294
0.28576982167611276,-0.006879594660349539,0.04077660645161814,-0.0024003963327004383,0.06405802646480879,0.016345641547122796,-0.0010274989809340696,-0.02325191560317762,0.026005984064718178,0.07994133602141573,0.045815952212078626,-3.894765861332417e-05,0.0056370191610039914,0.01856412188401009,Bandipur,Jammu and Kashmir,0.9451729358325761
0.4539159166868194,0.0008330407473113155,0.006031981189444195,0.016839517138851078,0.0059743759833691,0.005408190045909578,0.000795577867065731,0.008582501449272967,-0.0022183905779820635,0.05985700144301518,-0.0034854328024812274,-1.1258057784289121e-05,0.0002582194990827702,0.04844341743220866,Chikkaballapur,Karnataka,0.9970814400559246
0.4460286366839136,0.0002798153327603359,-0.0047492492902529194,0.023337526060604432,-0.004304844583275553,0.0054596427476280955,0.0012602678211624152,0.015577951394861884,0.0038581888058070034,0.054537795135584016,0.01322031879939459,-1.342780189588666e-05,0.0001867515295452904,0.03997726177251024,Dindigul,Tamil Nadu,0.9905134166856854
-0.25690460674781207,-0.0004921259485126939,-0.010320653880989994,-0.012957910176446603,-0.011311194094050734,-0.003978993948658171,-0.0004892864861358249,-0.00024152737998520024,-0.007044224966839465,-0.05960229739135684,-0.005887838235685195,-7.588700624182821e-05,-6.427929267374566e-05,-0.02527257480265689,Munger,Bihar,0.001213372150723201
0.4529171276061243,0.0006787587827784591,0.005593971526577661,0.013694281275766116,0.0058630047944097895,0.007073935097814683,-0.0004733230890633422,0.006928634075084119,-0.0009895907782265568,0.06757507538275603,-0.001268845997255994,-1.1930579785257577e-05,0.0003356311735115014,0.03946724036080923,Tirupati,Andhra Pradesh,0.9932407526182412
-0.27949741480260853,-0.001235780933056958,0.0037194398474639455,-0.012566121550080425,-0.005547666102720541,-0.00794377106882166,-0.0072470288929253005,-0.01836232774605378,-0.011347082392385346,0.014241849703903426,-0.005477582755956973,-6.058357190340757e-05,-0.0009678726806305348,-0.054642531221034005,Jangaon,Telangana,0.008922294920525608
-0.27698454768265945,-0.0021531345221228546,-0.0016114727525200578,-0.010849304920920986,-0.006966846186551265,0.02912396138530312,-0.002996992453590792,-0.01420344206480877,-0.011476703077278216,0.022517887003232318,-0.007778490312230133,-6.891690427437424e-05,0.003925751198876242,-0.06251436082973669,Bulandshahar,Uttar Pradesh,0.05382015709738013
-0.25348845062484543,-0.0006359182705637067,-0.011402460727986181,-0.013963842714692873,-0.01187576910460848,-0.002307753255263378,-0.001355979566451424,-0.00010934482144875802,-0.005773497713744291,-0.06174706461604728,-0.006280853704301989,-7.688978454098105e-05,-5.210496747167781e-05,-0.026061065631083694,Saharanpur,Uttar Pradesh,0.0007257769652650824
-0.2781641349116398,-0.002633786001315457,0.0007271335399855161,0.00892280911341004,-0.0018191822475273512,-0.005548965140696964,-0.0034713154376731837,-0.003917507856349403,-0.0014832667492373731,-0.06304884861994652,-0.011831562611059781,-5.31788298394531e-05,-0.00081491352073499,0.010599157713168097,Shahdara,Delhi,0.043319206738513666
0.31970127604046866,-0.0016302922997419955,0.04337257259548096,0.0001538289200152576,0.06188479429376457,0.002715194561842509,0.0006727379946278233,-0.0023175374887068755,0.03247951905193986,0.07933940981667092,0.037731151102716465,0.004482684970134869,-0.0004412225327541819,0.024191025109234942,Near Uday nagar NIT garden,Manipur,0.9981919241031805
0.4288622632295119,-0.0004049525938989973,0.0044898162130994025,0.0020034403543650113,0.0015626731792508508,-0.01004562994884509,-0.0011721368762482598,-0.007406210535218633,0.0011153131147693784,0.06045145561361096,-0.0022411804953298997,-7.636186201125383e-06,8.174468421202618e-05,0.03971195522920425,Kargil,Jammu and Kashmir,0.912857695699677
0.44975418336071016,0.0017328476632246749,0.010173720437232987,0.016068246411778092,0.008931189679915406,0.006270676777530753,0.0012451572909048991,0.0020185672259685817,-0.0006149243990148534,0.0638566513697515,-0.0024154791270484567,-9.846016764640808e-06,0.000286150335741695,0.038946661168010904,Almora,Uttarakhand,0.992100583460428
-0.24935335422760546,-0.004464015013491007,-0.003907263366963889,-0.014009806141548325,-0.006129885035734333,0.000659352128059254,-0.0004862037229213456,-0.011590283915484178,0.00954139045537886,-0.0529780151966952,-0.008506392061208316,-8.538759779185057e-05,-0.0009344029278145171,-0.039886096575610284,Gaurella Pendra Marwahi,Chhattisgarh,0.013726409204889439
-0.25394380169633224,-0.0007805811388789152,-0.016408556131682416,-0.014036346883694933,-0.013600691172214283,0.016240975609398446,0.0018844615096895723,-0.0027646139902935828,-0.007266570624178712,-0.07426213086244388,0.008312106575012877,-7.588700624182821e-05,0.0054108315671328455,-0.030507292788056476,West Garo Hills,Meghalaya,0.01405867583968055
0.4501582137776131,0.0015443595012038713,0.006115429166457033,0.017358116498162417,0.006169907263119967,0.006779143902222131,-0.0004375505845382577,0.006735589202908159,-0.001506178076415381,0.0611085740598719,-0.002362554611245287,-1.2170625850558281e-05,0.0003008365919231437,0.04861037270824454,The Nilgiris,Tamil Nadu,0.9964188706218728
-0.25749453346972584,-0.0004168194715748541,-0.011823092317536065,-0.008436599595061125,-0.012397227248802664,-0.001096498128863459,-0.0018398911793883598,0.0007742526464971888,-0.007459520811335096,-0.05999733155811555,-0.004604092841946112,-7.48307048343122e-05,-0.000578807664969645,-0.02720844457529893,Baran,Rajasthan,0.0032033351264120504
0.3543080416261364,0.0012438375913370692,-0.007976119300192295,-0.02431426445935358,-0.010184384529966338,-0.00041387429504538884,0.006028319761699094,0.007135262061347021,-0.0023534979768737685,-0.09958125450033549,-0.004480012983176494,-5.259291036054492e-05,-4.3259437516098844e-05,0.01532538715233386,Baloda Bazar,Chhattisgarh,0.6304983677581223
-0.26617104597615254,0.0035498119184921963,0.004014881325347232,0.008517812954250985,0.0024248931754846125,-0.002891692904577212,-0.0013308124728064286,-0.0057192103891793526,3.7976381718181075e-05,0.050092560251869145,-0.0008493275976070436,-4.1591397020965815e-05,-0.0006986875789880287,0.021073273453803266,Hasan,Karnataka,0.2078656093082573
-0.2425720227023339,-0.0025079482450928482,-0.01518539687305747,0.022221653180786234,-0.011684692255221308,0.07192321238373552,-0.0007747266245496575,-0.000701985637360849,-0.007149863479280611,-0.04313687641690194,-0.009837324415143485,-4.640054306946695e-05,0.0034621020592749117,-0.037092332768161214,Banas Kantha,Gujarat,0.12277417149510347
0.3274030435380337,0.001233732194177719,0.04180491643688583,-0.0006221087486892429,0.061460110926145714,0.0005011546048081072,0.0021936053609169903,-0.002401098376940354,0.0268501538039709,0.08253735574949587,0.03940588643598858,0.0,-0.00041635422203398773,0.022561277863046597,South 24 Pargana,West Bengal,0.9983684580263621
-0.2507300934290106,-0.004518909301150415,-0.0019235318432401982,-0.01123482144668742,-0.004605311266313947,-0.00016821892562802533,-0.0006122516947289114,-0.01184232209572656,0.015506260740476136,-0.057301004846976866,-0.008242676912050228,-8.538759779185057e-05,-0.0009642586458357982,-0.04336564036657364,Shopian,Jammu and Kashmir,0.01576860437948503
0.30567001234441704,0.0019528265560984437,0.04221364454475406,-0.001711323904182791,0.06376170423342047,-0.0018424071895242378,-0.0011665214183813077,-0.004643215294818219,0.027097524873988733,0.09016153711236256,0.03391184378513572,-1.394765917211771e-05,-0.0004988094801956322,0.019228652403944578,Anugal,Odisha,0.9699783028118887
